potencia_kw,latitude,longitude,fonte
20.48,-10.44277778,-64.15194444,Solar
5000.0,-6.00388889,-40.27472222,Solar
12.26,-23.55777778,-46.734,Solar
3.0,-23.55888889,-46.735,Solar
1.7,-23.49381944,-46.845,Solar
404.8,-12.94583335,-38.41777777,Solar
1082.0,-22.81583333,-47.05916667,Solar
1.7,-27.44798143,-48.50174545,Solar
1.04,-22.17216,-47.33762,Solar
30.87,-2.47427779,-43.57421666,Solar
0.46,-25.41552782,-49.27839181,Solar
21.06,-1.76399549,-44.80499119,Solar
2103.0,-9.5445,-40.27311,Solar
0.26,-23.26063333,-47.66415278,Solar
944.3,-6.09155833,-35.2354,Solar
4445.83,-28.44777819,-48.97472207,Solar
19.6,-25.66436,-49.09495,Solar
930.0,-27.5779,-48.50817,Solar
5.04,-6.06403,-35.28957,Solar
30933.0,-7.346326,-40.5547,Solar
30933.0,-7.332665,-40.572205,Solar
34370.0,-7.346787,-40.541405,Solar
27496.0,-7.372831,-40.549022,Solar
30933.0,-7.394981,-40.5835664,Solar
30933.0,-7.403997,-40.59609,Solar
27496.0,-7.37912,-40.563702,Solar
1100.0,-5.37858306,-36.8210861,Solar
1418.4,-19.86555556,-43.97111111,Solar
27496.0,-7.87835555,-37.98277778,Solar
27213.11,-12.32529722,-42.62414167,Solar
54426.22,-12.31173611,-42.61910278,Solar
74836.06,-12.32500833,-42.62808333,Solar
54426.22,-12.31478612,-42.61841389,Solar
47622.95,-12.31738611,-42.60540833,Solar
20409.83,-12.32802222,-42.63796111,Solar
95245.89,-12.31885,-42.62378611,Solar
40819.67,-12.32483056,-42.61340833,Solar
44625.0,-4.88415556,-38.00837972,Solar
44625.0,-4.88868333,-38.01287972,Solar
44625.0,-4.8932,-38.00836667,Solar
47600.0,-4.89318611,-37.99934722,Solar
27000.0,-6.95673176,-37.9977973,Solar
27000.0,-21.46620444,-51.59167583,Solar
27000.0,-21.45992306,-51.58972027,Solar
27000.0,-21.45091584,-51.5870011,Solar
28000.0,-12.587325,-44.10687778,Solar
28000.0,-12.5926,-44.10463611,Solar
28000.0,-12.59339422,-44.09953352,Solar
28000.0,-12.59896667,-44.10378056,Solar
28000.0,-12.60149459,-44.10414738,Solar
28000.0,-12.60346111,-44.09329167,Solar
28000.0,-12.60423611,-44.11575,Solar
9125.0,-15.49278056,-44.39271389,Solar
30000.0,-21.88569028,-49.86962555,Solar
30000.0,-21.88835028,-49.87285667,Solar
30000.0,-21.89097361,-49.87603972,Solar
30000.0,-21.8933875,-49.86186972,Solar
30000.0,-21.89805944,-49.86866639,Solar
27000.0,-17.40524846,-44.8870214,Solar
27000.0,-17.41431283,-44.9095913,Solar
27000.0,-17.40762336,-44.91539358,Solar
5000.0,-9.07006111,-38.14711666,Solar
5000.0,-9.07113611,-38.14598611,Solar
27000.0,-6.9472175,-37.99384389,Solar
27000.0,-6.95712028,-37.98965195,Solar
27000.0,-6.94947362,-37.98305888,Solar
27000.0,-6.9480825,-37.99598667,Solar
27000.0,-6.95228722,-37.99598027,Solar
30000.0,-13.30021076,-43.32352929,Solar
30000.0,-13.29780661,-43.3241291,Solar
27000.0,-6.96295389,-38.00186638,Solar
30000.0,-16.48850834,-43.68461111,Solar
30000.0,-8.20960743,-42.53943004,Solar
30000.0,-8.21653122,-42.53818101,Solar
30000.0,-8.19412159,-42.55956272,Solar
30000.0,-8.18979101,-42.56426133,Solar
30000.0,-8.17995153,-42.5608908,Solar
30000.0,-7.92722,-42.61272,Solar
30000.0,-8.17743775,-42.56388283,Solar
31000.0,-17.40864908,-44.87355101,Solar
31000.0,-17.40866353,-44.88544361,Solar
31000.0,-17.40866363,-44.88544386,Solar
31000.0,-17.40865727,-44.88972752,Solar
31000.0,-17.40844374,-44.89613029,Solar
31000.0,-17.40819296,-44.90148739,Solar
31000.0,-17.40765554,-44.91220205,Solar
31000.0,-17.40679108,-44.91860534,Solar
30000.0,-18.41663052,-47.05647483,Solar
30000.0,-18.41968614,-47.06361106,Solar
49995.0,-3.84836111,-41.15196389,Solar
33000.0,-16.30956393,-43.66698612,Solar
33000.0,-16.30225278,-43.66539444,Solar
33000.0,-16.29757221,-43.66339722,Solar
30000.0,-5.48990833,-35.41687778,Solar
30000.0,-5.49631667,-35.41650556,Solar
30000.0,-5.50105556,-35.41624444,Solar
30000.0,-5.50408889,-35.42840833,Solar
30000.0,-5.50609444,-35.42194722,Solar
30000.0,-5.50624444,-35.41366944,Solar
30000.0,-5.51291111,-35.42601667,Solar
30000.0,-5.51154722,-35.41656667,Solar
30000.0,-5.61315056,-36.73255335,Solar
30000.0,-5.61309624,-36.7255519,Solar
30000.0,-5.62351837,-36.73709689,Solar
30000.0,-5.62608183,-36.72451799,Solar
23660.0,-12.032015,-45.07217652,Solar
23660.0,-12.03487949,-45.07066889,Solar
23660.0,-12.03789474,-45.06931202,Solar
23660.0,-12.04920194,-45.0702166,Solar
22000.0,-4.97587183,-36.90518017,Solar
14300.0,-14.14925154,-42.72702632,Solar
30000.0,-8.08037223,-39.34452499,Solar
5000.0,-9.54056981,-48.53782413,Solar
29400.0,-12.60903827,-44.08514302,Solar
29400.0,-12.61406454,-44.08961868,Solar
21000.0,-12.63943181,-44.08480598,Solar
27000.0,-13.32273116,-43.29514073,Solar
27000.0,-13.32273116,-43.29514073,Solar
45680.0,-10.09157393,-45.264353,Solar
50000.0,-10.09650699,-45.274419,Solar
45680.0,-10.09910259,-45.28151119,Solar
50000.0,-10.12049778,-45.29693667,Solar
50000.0,-10.10765279,-45.29966364,Solar
45680.0,-10.11463333,-45.3006,Solar
34542.0,-10.12844053,-45.298516,Solar
34542.0,-10.12342778,-45.29311667,Solar
6.0,-22.38694444,-44.96638889,Solar
33000.0,-5.04133889,-37.78653889,Solar
33000.0,-5.052125,-37.79,Solar
33000.0,-5.04450833,-37.79287222,Solar
33000.0,-5.044,-37.79717499,Solar
30000.0,-9.53190291,-40.48784622,Solar
30000.0,-9.53190291,-40.48784622,Solar
30000.0,-9.53190291,-40.48784622,Solar
30000.0,-9.53190291,-40.48784622,Solar
30100.0,-5.95366111,-40.29465556,Solar
30100.0,-5.95034722,-40.29933611,Solar
22050.0,-5.94873889,-40.28756389,Solar
30000.0,-16.47720555,-43.684075,Solar
33000.0,-17.22026771,-47.09223811,Solar
33000.0,-17.2238503,-47.08718807,Solar
33000.0,-17.21342159,-47.0891553,Solar
33000.0,-17.22013817,-47.09220028,Solar
47250.0,-4.60098333,-37.64212222,Solar
32550.0,-18.82442131,-46.67448395,Solar
32550.0,-18.81662405,-46.69043,Solar
27200.0,-6.91704135,-37.56017362,Solar
27200.0,-6.90975366,-37.56014221,Solar
30000.0,-8.08333333,-39.35547222,Solar
5000.0,-15.54018984,-43.6283,Solar
49999.32,-20.80000555,-51.52874166,Solar
49999.32,-20.78925833,-51.51476388,Solar
49999.32,-20.77671666,-51.52710555,Solar
49999.32,-20.78123056,-51.51658055,Solar
4999.92,-20.80781111,-51.52939222,Solar
30520.0,-10.99000579,-42.36037131,Solar
20000.0,-13.32717157,-43.35719176,Solar
20000.0,-13.32076646,-43.34286701,Solar
30000.0,-8.08547485,-39.35340209,Solar
23040.0,-19.873,-50.89047036,Solar
23040.0,-19.88467353,-50.39708404,Solar
23040.0,-19.88110601,-50.39462758,Solar
31500.0,-7.89336111,-38.69644722,Solar
34000.0,-5.54600429,-37.02639026,Solar
27496.0,-7.89001111,-37.9358,Solar
23123.0,-7.8956,-37.9446,Solar
15200.0,-19.88391425,-50.38202221,Solar
30400.0,-19.87547918,-50.37763459,Solar
30400.0,-19.86618809,-50.3787922,Solar
31500.0,-7.89800558,-38.70325013,Solar
30000.0,-11.58611388,-41.98676112,Solar
29000.0,-8.41599667,-35.95800278,Solar
32000.0,-4.96160106,-36.90669327,Solar
32000.0,-4.96426606,-36.9105004,Solar
25000.0,-12.73277778,-43.13944444,Solar
30000.0,-6.34716667,-36.52468333,Solar
30000.0,-6.3434,-36.51468056,Solar
30000.0,-13.32031389,-43.37230278,Solar
48118.0,-9.36865833,-45.08270833,Solar
48118.0,-9.43296647,-45.15805143,Solar
48118.0,-9.42656286,-45.15724838,Solar
48118.0,-9.42783952,-45.15193894,Solar
48118.0,-9.42152647,-45.15017977,Solar
48118.0,-9.4208648,-45.15653644,Solar
48118.0,-9.41507647,-45.15539672,Solar
48118.0,-9.41644342,-45.15026949,Solar
48118.0,-9.37405556,-45.08320278,Solar
48118.0,-9.38061666,-45.08475,Solar
48118.0,-9.38683333,-45.08238056,Solar
48118.0,-9.39139722,-45.08238055,Solar
48118.0,-9.39523333,-45.08219167,Solar
48118.0,-9.4023367,-45.08406967,Solar
48118.0,-9.39969444,-45.08424722,Solar
48118.0,-9.43390841,-45.1526506,Solar
30000.0,-20.19463333,-50.04071389,Solar
30000.0,-20.19298056,-50.04839167,Solar
30000.0,-20.19849444,-50.03453333,Solar
41895.0,-20.627834,-51.302895,Solar
41895.0,-20.625035,-51.2915445,Solar
41895.0,-20.619428,-51.29579525,Solar
41895.0,-20.613537,-51.29196411,Solar
35910.0,-20.608851,-51.29577483,Solar
30000.0,-8.55040144,-42.29265678,Solar
30000.0,-9.38115197,-41.81209074,Solar
30000.0,-8.28894761,-42.36966728,Solar
30000.0,-8.2672607,-42.35464416,Solar
33000.0,-15.34972222,-43.62999999,Solar
33000.0,-15.34194445,-43.62722222,Solar
32000.06,-7.97972222,-38.6225,Solar
32000.06,-7.97166667,-38.61916666,Solar
32000.06,-7.97555556,-38.60888889,Solar
30000.0,-13.316258,-43.353367,Solar
26000.0,-5.80978056,-36.64179167,Solar
26000.0,-5.83649167,-36.65186945,Solar
26000.0,-5.84565,-36.65556111,Solar
12000.0,-5.83161944,-36.65158889,Solar
27000.0,-3.95533317,-38.39498032,Solar
27000.0,-3.96212166,-38.39764342,Solar
27000.0,-3.96938722,-38.39392043,Solar
32164.0,-8.27853583,-42.16353972,Solar
32164.0,-8.28010806,-42.15216361,Solar
32164.0,-8.26861222,-42.15543889,Solar
28840.0,-8.266435,-42.14281139,Solar
28840.0,-8.27330583,-42.14342389,Solar
31878.0,-8.28026528,-42.13752361,Solar
10.8,-3.52833333,-57.97527778,Solar
16.2,-3.41555556,-58.08222222,Solar
13.5,-3.4125,-57.82111111,Solar
10.8,-2.37166667,-61.08555555,Solar
13.5,-2.51527778,-61.05333333,Solar
10.8,-3.78527778,-59.30416667,Solar
10.8,-6.86444444,-69.87555555,Solar
13.5,-6.91611111,-69.94138889,Solar
4.32,-3.13861111,-60.02388889,Solar
655.0,-18.8730555,-48.24583334,Solar
9.72,-3.08925558,-60.0120083,Solar
16.2,-1.6825,-61.82416667,Solar
900.0,-10.32666666,-56.97944445,Solar
16.2,-3.38722222,-57.59275993,Solar
18.9,-2.12172997,-61.19806229,Solar
50000.0,-18.880751,-52.44541786,Solar
50000.0,-18.884218,-52.45368714,Solar
50000.0,-18.892189,-52.45655628,Solar
50000.0,-18.890783,-52.44218889,Solar
50000.0,-18.894737,-52.46552053,Solar
5056.0,-18.899933,-52.46638214,Solar
30933.0,-5.261875,-37.96893889,Solar
22500.0,-15.35138889,-43.61888161,Solar
10.8,-4.91527778,-62.53105757,Solar
22000.0,-13.33816667,-43.34369167,Solar
30933.0,-5.24583611,-37.97250278,Solar
30933.0,-5.25896266,-37.97729167,Solar
30933.0,-5.24730833,-37.97747222,Solar
30933.0,-5.25664167,-37.98144444,Solar
30933.0,-5.23791111,-37.97709167,Solar
30933.0,-5.23550555,-37.98328333,Solar
30933.0,-5.24686944,-37.96888333,Solar
30933.0,-5.26086944,-37.97305556,Solar
750.0,-21.38695634,-46.92860516,Solar
44.1,-29.72526944,-52.42766123,Solar
2.0,-23.05833333,-51.0447221,Solar
50000.0,-13.77401944,-42.56468056,Solar
50000.0,-13.77204444,-42.55477778,Solar
50000.0,-13.78103611,-42.55083056,Solar
18750.0,-13.78586667,-42.55881944,Solar
50000.0,-5.44180022,-36.99579649,Solar
4039.2,3.83139174,-51.83583048,Solar
39496.0,-15.36376389,-43.79035278,Solar
39496.0,-15.36046944,-43.80889722,Solar
39496.0,-15.35932222,-43.79888611,Solar
39496.0,-15.36711667,-43.79499444,Solar
2.25,-29.71138889,-52.42971627,Solar
49500.0,-7.96478611,-38.630675,Solar
49500.0,-7.95388611,-38.62964444,Solar
31474.8,-9.65917778,-40.67818611,Solar
31474.8,-9.66278333,-40.67706389,Solar
31474.8,-9.66879166,-40.67576389,Solar
31474.8,-9.67440556,-40.67577222,Solar
31474.8,-9.68020833,-40.67469167,Solar
31474.8,-9.68698611,-40.67313888,Solar
31474.8,-9.68125,-40.66079166,Solar
31474.8,-9.68660278,-40.66440833,Solar
31474.8,-9.69105277,-40.66224166,Solar
31474.8,-9.69218611,-40.67313611,Solar
31474.8,-9.69498333,-40.66480278,Solar
31474.8,-9.69854166,-40.67128334,Solar
31474.8,-9.70214167,-40.67130833,Solar
31474.8,-9.667125,-40.68939444,Solar
31474.8,-9.67275,-40.68725555,Solar
31474.8,-9.67591944,-40.68988611,Solar
31474.8,-9.67951667,-40.68825556,Solar
31474.8,-9.68275833,-40.69105833,Solar
31474.8,-9.68664445,-40.68780833,Solar
31474.8,-9.69025834,-40.68632222,Solar
31474.8,-9.69368611,-40.69137778,Solar
31474.8,-9.69585277,-40.68286111,Solar
49500.0,-7.94741389,-38.62284722,Solar
73600.0,-11.222,-41.58575,Solar
59800.0,-11.22413333,-41.58103333,Solar
46000.0,-11.23238333,-41.56726667,Solar
46000.0,-11.23936667,-41.56581667,Solar
69000.0,-11.21311666,-41.58734999,Solar
39496.0,-15.37226667,-43.78785278,Solar
39496.0,-15.38061389,-43.78592778,Solar
29622.0,-15.39205278,-43.78731389,Solar
39496.0,-15.39651944,-43.80338056,Solar
50000.0,-10.11292229,-45.29150844,Solar
34542.0,-10.12340106,-45.288711,Solar
34542.0,-10.12027211,-45.28390476,Solar
43032.0,-10.11092466,-45.27917116,Solar
43032.0,-10.11174166,-45.26591389,Solar
43032.0,-10.11607778,-45.27381111,Solar
43032.0,-10.10696389,-45.26997222,Solar
43032.0,-10.119,-45.28104444,Solar
50000.0,-10.10576231,-45.278829,Solar
50000.0,-10.09799634,-45.26391746,Solar
3.08,-29.83554961,-51.14611111,Solar
49370.0,-15.39809722,-43.83066111,Solar
39496.0,-15.39641667,-43.80376944,Solar
49370.0,-15.40055833,-43.80489167,Solar
39496.0,-15.40711944,-43.79896667,Solar
39496.0,-15.40233055,-43.79130555,Solar
39496.0,-15.42549167,-43.81800833,Solar
39496.0,-15.42923282,-43.80366912,Solar
39496.0,-15.39840278,-43.78612778,Solar
39496.0,-15.41365556,-43.78753333,Solar
470.4,-22.96138294,-43.40555556,Solar
50000.0,-5.44864357,-36.98745573,Solar
50000.0,-5.45725401,-36.97502198,Solar
34500.0,-5.64584167,-37.06109722,Solar
46000.0,-5.64131389,-37.05913611,Solar
37375.0,-5.637075,-37.06234722,Solar
31625.0,-5.641875,-37.04814167,Solar
22240.0,-5.63299444,-37.03155,Solar
30580.0,-5.62617778,-37.02864722,Solar
36140.0,-5.619025,-37.02588333,Solar
33360.0,-5.61186667,-37.02410278,Solar
40250.0,-5.62496389,-37.05547222,Solar
30580.0,-5.61963333,-37.06726944,Solar
46000.0,-5.63178611,-37.05666111,Solar
22240.0,-5.61817222,-37.04075833,Solar
41700.0,-5.62898056,-37.04758889,Solar
37.2,-19.8694385,-43.96166072,Solar
30000.0,-4.09950278,-41.48329444,Solar
30000.0,-4.11422778,-41.49757778,Solar
30000.0,-4.11773889,-41.49170278,Solar
30000.0,-4.09950278,-41.48329444,Solar
30000.0,-4.10622778,-41.48427778,Solar
30000.0,-4.10980278,-41.49275833,Solar
30000.0,-9.74088611,-45.47045,Solar
30000.0,-9.74270278,-45.46406944,Solar
30000.0,-9.73999722,-45.45950833,Solar
30000.0,-9.73819722,-45.4513,Solar
30000.0,-9.74271944,-45.45130556,Solar
30000.0,-9.74905278,-45.45131389,Solar
7.68,-19.50695086,-42.55945086,Solar
6.4,-19.50777136,-42.55304914,Solar
137480.0,-5.12155528,-37.03030611,Solar
103110.0,-5.12182444,-37.02087333,Solar
23100.0,-8.3344679,-36.23881275,Solar
23100.0,-8.34554182,-36.23833579,Solar
23100.0,-8.35250064,-36.23727983,Solar
49500.0,-17.36182778,-44.88218889,Solar
49500.0,-17.35747777,-44.87386943,Solar
49500.0,-17.37134444,-44.92365,Solar
49500.0,-17.37696944,-44.91820278,Solar
49500.0,-17.37585,-44.91971666,Solar
49500.0,-17.44087778,-44.92624722,Solar
49500.0,-17.34605278,-44.860625,Solar
49500.0,-17.33138889,-44.86916667,Solar
49500.0,-17.34888888,-44.87805556,Solar
49500.0,-17.34277778,-44.89722222,Solar
27000.0,-3.792375,-38.91821865,Solar
27000.0,-3.79511667,-38.91820913,Solar
27000.0,-3.79785833,-38.91820913,Solar
27000.0,-3.8006,-38.91820913,Solar
27000.0,-3.80332937,-38.91821587,Solar
26000.0,-3.80608056,-38.92007778,Solar
20000.0,-3.80498889,-38.93750278,Solar
20000.0,-3.79939722,-38.93563889,Solar
22000.0,-13.34107222,-43.35383056,Solar
33300.0,-5.56095833,-37.06104445,Solar
49950.0,-5.58660555,-36.99602222,Solar
36630.0,-5.57408611,-36.97870278,Solar
59940.0,-5.55928333,-36.98016112,Solar
9000.0,-13.33105555,-43.3303,Solar
27000.0,-6.94981222,-38.00240611,Solar
52000.0,-5.30492778,-37.04126667,Solar
52000.0,-5.31211389,-37.04124444,Solar
52000.0,-5.33479444,-37.0106417,Solar
52000.0,-5.29818303,-37.0151806,Solar
52000.0,-5.30717222,-37.0130944,Solar
52000.0,-5.31205833,-37.024,Solar
52000.0,-5.33493333,-37.01821111,Solar
52000.0,-5.34427222,-37.097944,Solar
52000.0,-5.34395833,-37.0296361,Solar
52000.0,-5.33478332,-37.04214444,Solar
52000.0,-5.34836667,-37.00875,Solar
52000.0,-5.35566665,-37.0154278,Solar
52000.0,-5.36202499,-37.01466944,Solar
52000.0,-5.36352778,-37.01811111,Solar
52000.0,-5.37759167,-37.0096194,Solar
52000.0,-5.35392222,-37.0296778,Solar
52000.0,-5.36145278,-37.0232833,Solar
52000.0,-5.36505,-37.0318417,Solar
52000.0,-5.3729333,-37.0259722,Solar
52000.0,-5.38276667,-37.04200833,Solar
22000.0,-13.34277222,-43.36925833,Solar
22000.0,-13.33329722,-43.33725,Solar
24059.0,-8.32638888,-36.24053056,Solar
24059.0,-8.32632222,-36.24607222,Solar
24059.0,-8.32103611,-36.24329722,Solar
12760.0,-9.77305556,-45.47096944,Solar
17014.0,-9.77494167,-45.46229167,Solar
76565.0,-9.78326667,-45.47106389,Solar
80819.0,-9.78575833,-45.46109444,Solar
48000.0,-6.10286111,-36.56561111,Solar
48000.0,-6.09317509,-36.568347,Solar
117.0,-22.98193255,-47.0425119,Solar
30000.0,-4.12038333,-41.43496389,Solar
30000.0,-4.12656111,-41.44551667,Solar
30000.0,-4.12819722,-41.45427778,Solar
30000.0,-4.13429444,-41.45283889,Solar
30000.0,-4.14443611,-41.45518333,Solar
30000.0,-4.14156667,-41.44532778,Solar
49110.0,-7.35485833,-38.76619722,Solar
24555.0,-7.35444722,-38.74853056,Solar
49110.0,-7.36306667,-38.76552778,Solar
49110.0,-7.34336667,-38.73334722,Solar
49110.0,-7.35275,-38.742975,Solar
49110.0,-7.40324167,-38.85636944,Solar
14733.0,-7.39615833,-38.84571389,Solar
49110.0,-7.42486389,-38.88113611,Solar
9822.0,-7.42183889,-38.86754722,Solar
1.0,-2.20367,-53.23774595,Solar
2.0,-1.76767,-52.82863405,Solar
30000.0,-5.32588333,-38.82318611,Solar
30000.0,-5.33226111,-38.82165277,Solar
30000.0,-5.33484444,-38.81440833,Solar
30000.0,-5.33998333,-38.815875,Solar
30000.0,-5.33900834,-38.807275,Solar
30000.0,-5.345675,-38.80689444,Solar
25000.0,-5.34742778,-38.80109166,Solar
25000.0,-5.34935555,-38.79637777,Solar
1.0,-1.62153569,-52.30520431,Solar
1.0,-2.20455,-53.2373319,Solar
1.0,-2.14006598,-53.26197903,Solar
1.0,-2.27857,-53.25266,Solar
1.0,-2.20472,-53.2374,Solar
1.0,-2.20422031,-53.23755466,Solar
1.0,-2.29824,-53.22804405,Solar
1.0,-2.20439,-53.23756595,Solar
1.0,-2.27818,-53.23262785,Solar
1.0,-2.20413524,-53.23758881,Solar
1.0,-2.20397106,-53.23761736,Solar
1.0,-2.1885619,-53.23987595,Solar
1.0,-2.27831431,-53.23295138,Solar
1.0,-2.18857428,-53.23966238,Solar
1.0,-2.18882,-53.23907952,Solar
1.0,-2.18792532,-53.23938409,Solar
1.0,-2.24791952,-53.22854952,Solar
1.0,-2.22273379,-53.2375119,Solar
1.0,-2.21895,-53.23665431,Solar
1.0,-2.14039,-53.26218,Solar
1.0,-2.14087,-53.2618,Solar
1.0,-2.13577,-52.73777801,Solar
1.0,-2.20995,-53.23611,Solar
1.0,-2.13938,-53.2626,Solar
1.0,-2.13052,-52.7375219,Solar
1.0,-2.14289,-53.26115,Solar
1.0,-2.07122379,-52.3630981,Solar
1.0,-2.17589,-53.24313,Solar
1.0,-2.14632,-52.37790875,Solar
1.0,-2.1777362,-53.2434719,Solar
1.0,-2.1103,-52.4521519,Solar
1.0,-2.12383,-52.53446431,Solar
1.0,-2.14042572,-53.26170714,Solar
1.0,-2.124,-52.53399286,Solar
1.0,-2.14012428,-53.26162,Solar
1.0,-2.12397405,-52.53379405,Solar
1.0,-2.16335595,-53.24939595,Solar
1.0,-2.15524785,-52.37149405,Solar
1.0,-2.13168595,-52.38365215,Solar
1.0,-2.14032595,-53.26119595,Solar
3.0,-2.02557026,-52.64901595,Solar
1.0,-2.14006167,-53.26153977,Solar
1.0,-2.08835476,-52.36219524,Solar
1.0,-2.15103476,-52.37560476,Solar
1.0,-2.13945476,-53.26266428,Solar
1.0,-2.01800524,-52.34002524,Solar
1.0,-2.01788151,-52.34015849,Solar
1.0,-2.14074572,-53.26195476,Solar
1.0,-2.12350476,-52.53321428,Solar
1.0,-2.01784572,-52.34405428,Solar
1.0,-2.11813476,-52.38979524,Solar
1.0,-2.05076,-52.3753,Solar
1.0,-2.1399362,-53.26200476,Solar
1.0,-2.06784572,-52.34864428,Solar
1.0,-2.01771476,-52.34037476,Solar
1.0,-2.13090428,-52.73686428,Solar
1.0,-2.20993981,-53.23611,Solar
1.0,-2.02652595,-52.40990595,Solar
1.0,-2.05042215,-52.37579405,Solar
1.0,-2.10877595,-52.37597405,Solar
1.0,-2.10893405,-52.37585405,Solar
1.0,-2.11772405,-52.39041785,Solar
1.0,-2.05083405,-52.37501785,Solar
1.0,-2.07129405,-52.36096215,Solar
1.0,-2.05278215,-55.37365405,Solar
1.0,-2.09976405,-52.36210595,Solar
1.0,-2.04345405,-52.39487405,Solar
1.0,-2.10900405,-52.37604405,Solar
1.0,-2.02222215,-52.34058595,Solar
1.0,-2.02234,-52.34061595,Solar
1.0,-2.0219,-52.34049405,Solar
1.0,-1.9208381,-52.50635785,Solar
1.0,-2.04431,-52.38972405,Solar
1.0,-2.0226181,-52.34059595,Solar
1.0,-2.0201381,-52.33747595,Solar
1.0,-2.11723,-52.39020595,Solar
1.0,-2.0508619,-52.37518595,Solar
1.0,-1.86746,-52.43934405,Solar
1.0,-2.09605,-52.35464,Solar
1.0,-2.10365611,-52.37027,Solar
1.0,-2.02584,-52.64917,Solar
1.0,-2.1084,-52.37507,Solar
1.0,-2.09998,-52.36226,Solar
1.0,-2.0419919,-52.32978405,Solar
1.0,-2.1087781,-52.37560595,Solar
1.0,-2.02416,-52.33902595,Solar
1.0,-2.03221,-52.33038405,Solar
1.0,-2.02651971,-52.40991024,Solar
2.0,-1.91493,-52.50229019,Solar
2.0,-1.86442,-52.44139405,Solar
2.0,-1.8874881,-52.43250595,Solar
2.0,-1.89762,-52.48106595,Solar
1.0,-2.03271,-52.33041595,Solar
1.0,-2.10347,-52.37063405,Solar
1.0,-1.92389,-52.50612405,Solar
1.0,-2.05060592,-52.37520154,Solar
1.0,-2.10301701,-52.36517052,Solar
1.0,-2.1084381,-52.37551595,Solar
1.0,-2.10891059,-52.37574821,Solar
1.0,-2.02581,-52.41022405,Solar
1.0,-2.05126,-52.37520595,Solar
1.0,-2.0445281,-52.33024785,Solar
1.0,-1.89889,-52.42917215,Solar
1.0,-2.0504319,-52.37538215,Solar
1.0,-1.89851,-52.42918405,Solar
1.0,-2.14006,-53.26242595,Solar
1.0,-2.19431,-53.23676595,Solar
1.0,-2.13943,-53.26176,Solar
1.0,-2.20492428,-53.23747714,Solar
1.0,-2.14025847,-53.26109829,Solar
1.0,-2.13937,-53.26232083,Solar
1.0,-2.13993834,-53.26166083,Solar
1.0,-2.14178,-53.26142917,Solar
1.0,-2.05086,-52.37526749,Solar
1.0,-2.14032834,-53.26220249,Solar
1.0,-2.02536,-52.33503,Solar
1.0,-2.14132,-53.26138917,Solar
1.0,-2.02898,-52.33613,Solar
1.0,-2.16371331,-53.25040083,Solar
1.0,-2.88724,-52.42665,Solar
1.0,-2.09441,-52.36283,Solar
1.0,-2.14022757,-53.26180878,Solar
1.0,-2.07324,-52.35511,Solar
1.0,-2.13972757,-53.26150122,Solar
1.0,-2.14063,-53.26207122,Solar
1.0,-2.15652,-53.25613878,Solar
1.0,-2.0770381,-53.2988919,Solar
1.0,-2.07741981,-53.29889082,Solar
1.0,-2.17590032,-53.24336032,Solar
1.0,-2.13952968,-53.26177968,Solar
1.0,-2.14096905,-53.26147968,Solar
1.0,-2.15701905,-53.25544158,Solar
1.0,-2.14015,-53.26194,Solar
1.0,-2.06644968,-53.31657032,Solar
1.0,-2.14127968,-53.26166032,Solar
1.0,-2.06611905,-53.31703968,Solar
1.0,-2.06583905,-53.31746032,Solar
1.0,-2.18941905,-53.23860032,Solar
1.0,-2.14026968,-53.26183095,Solar
1.0,-2.16081968,-53.25224968,Solar
1.0,-2.06655905,-53.31635095,Solar
1.0,-2.17203905,-53.24462095,Solar
1.0,-2.06159905,-53.31709032,Solar
1.0,-2.06675905,-53.31649095,Solar
1.0,-2.06730032,-53.31624968,Solar
1.0,-2.07761,-53.29891,Solar
1.0,-2.0767,-53.2983,Solar
1.0,-2.07746,-53.24869,Solar
1.0,-2.07736,-53.29915,Solar
1.0,-2.06633968,-53.31668968,Solar
1.0,-2.07752032,-53.29888032,Solar
1.0,-2.07739905,-53.29917032,Solar
1.0,-2.07717905,-53.29839968,Solar
1.0,-2.07744905,-53.29954968,Solar
1.0,-2.07785968,-53.29910032,Solar
1.0,-2.17227905,-53.24472032,Solar
1.0,-2.07779016,-53.29747032,Solar
1.0,-2.07778905,-53.29899968,Solar
1.0,-2.07418,-53.30228,Solar
1.0,-2.07842842,-53.28155032,Solar
1.0,-1.99001968,-53.23145905,Solar
1.0,-2.09880905,-53.26453032,Solar
1.0,-2.15160905,-53.25752968,Solar
1.0,-2.07734905,-53.29995968,Solar
1.0,-1.98973968,-53.23443968,Solar
1.0,-2.07855905,-53.27825032,Solar
1.0,-2.07829968,-53.28131968,Solar
1.0,-2.11364968,-53.26792095,Solar
1.0,-2.07762905,-53.29842095,Solar
1.0,-2.07864905,-53.27786032,Solar
1.0,-1.99040968,-53.22369032,Solar
1.0,-1.76449,-52.3983,Solar
1.0,-2.06434,-53.31219,Solar
1.0,-1.98976,-53.2207,Solar
1.0,-2.11494968,-53.26794968,Solar
1.0,-1.99878032,-53.20382968,Solar
1.0,-2.00094905,-53.21229968,Solar
1.0,-2.10606929,-53.26746071,Solar
1.0,-2.07876976,-53.27346024,Solar
1.0,-2.07798976,-53.27553976,Solar
1.0,-1.98874929,-53.23739976,Solar
1.0,-2.11277976,-53.26747071,Solar
1.0,-2.09849976,-53.26425071,Solar
1.0,-1.39699,-52.60836,Solar
1.0,-2.11483994,-53.26809,Solar
1.0,-2.07823955,-53.27859015,Solar
1.0,-2.06393955,-53.31239045,Solar
1.0,-2.07774985,-53.27723015,Solar
1.0,-1.98198,-53.16786,Solar
1.0,-1.99867985,-53.20299985,Solar
1.0,-2.01883015,-53.21355985,Solar
1.0,-2.05624955,-53.19433985,Solar
1.0,-1.98278955,-53.17280045,Solar
1.0,-2.00116015,-53.21219015,Solar
1.0,-1.98297985,-53.17172045,Solar
1.0,-1.98129015,-53.16730985,Solar
1.0,-1.98316955,-53.17029045,Solar
1.0,-1.98316015,-53.17694015,Solar
1.0,-2.08947015,-53.26176045,Solar
1.0,-2.07777985,-53.28109985,Solar
1.0,-2.09068955,-53.25447015,Solar
1.0,-2.08940985,-53.26145015,Solar
1.0,-1.98300318,-53.17215015,Solar
1.0,-1.98293985,-53.17092045,Solar
1.0,-1.98303985,-53.17115985,Solar
1.0,-1.98306015,-53.17147015,Solar
1.0,-1.99313985,-53.20014985,Solar
1.0,-2.05539,-53.19537,Solar
1.0,-1.99351,-53.08099,Solar
1.0,-1.9852,-53.18034,Solar
1.0,-2.03874,-53.32504,Solar
1.0,-2.02243955,-53.09795015,Solar
1.0,-1.99290955,-53.08949985,Solar
1.0,-2.04361955,-53.32713015,Solar
1.0,-2.04855985,-53.32942075,Solar
1.0,-2.01366955,-53.14549985,Solar
1.0,-2.01362925,-53.14550015,Solar
1.0,-1.99838985,-53.08560015,Solar
1.0,-2.04721925,-53.11995045,Solar
1.0,-2.04361985,-53.32829015,Solar
1.0,-1.99845925,-53.08619985,Solar
1.0,-2.01346985,-53.14519015,Solar
1.0,-2.01348955,-53.14542015,Solar
1.0,-1.99230985,-53.08929955,Solar
1.0,-1.99559015,-53.08260015,Solar
1.0,-2.05463015,-53.19515985,Solar
1.0,-1.99812985,-53.08599985,Solar
1.0,-2.05605955,-53.19351045,Solar
1.0,-2.02084,-53.14861,Solar
1.0,-1.99288955,-53.08162045,Solar
1.0,-2.02154985,-53.14965015,Solar
1.0,-2.02160985,-53.14958985,Solar
1.0,-2.01732985,-53.14678015,Solar
1.0,-2.05568925,-53.18450015,Solar
1.0,-2.07336955,-53.18861015,Solar
1.0,-2.02148955,-53.14969045,Solar
1.0,-2.01364955,-53.14029015,Solar
1.0,-2.06991955,-53.18883015,Solar
1.0,-2.02048955,-53.14853045,Solar
1.0,-2.05599955,-53.18848075,Solar
1.0,-2.06963985,-53.18893075,Solar
1.0,-2.00897015,-53.13550985,Solar
1.0,-2.07260955,-53.18860985,Solar
1.0,-2.06965015,-53.18818045,Solar
1.0,-2.01517925,-53.14680015,Solar
1.0,-2.00736015,-53.13492015,Solar
1.0,-2.01509925,-53.14671985,Solar
1.0,-2.01664015,-53.14637045,Solar
1.0,-2.01298955,-53.13875379,Solar
1.0,-2.01323985,-53.13933985,Solar
1.0,-2.02034985,-53.14961985,Solar
1.0,-2.00797015,-53.13531985,Solar
1.0,-2.02152,-53.14984,Solar
1.0,-1.98642985,-53.18313015,Solar
1.0,-2.02144955,-53.14982015,Solar
1.0,-2.03526955,-53.16050015,Solar
1.0,-2.05741946,-53.19049982,Solar
1.0,-2.05687018,-53.18984982,Solar
1.0,-2.01226982,-53.13729982,Solar
1.0,-2.01323982,-53.14029018,Solar
1.0,-2.01559982,-53.14731982,Solar
1.0,-2.01812964,-53.14721982,Solar
1.0,-2.05613964,-53.18876982,Solar
1.0,-1.99364036,-53.02004982,Solar
1.0,-2.01717,-52.97499982,Solar
1.0,-2.0074,-53.02288018,Solar
1.0,-2.02229964,-53.04017982,Solar
1.0,-1.99777,-53.01710018,Solar
1.0,-1.99781,-53.01740018,Solar
1.0,-2.00133,-53.01424018,Solar
1.0,-2.01212,-53.03243018,Solar
1.0,-2.02840964,-53.04464982,Solar
1.0,-1.99794,-53.01743053,Solar
1.0,-2.01876964,-53.96604053,Solar
1.0,-2.01156964,-53.99472018,Solar
1.0,-2.00279,-53.01658,Solar
1.0,-2.01764,-53.0954,Solar
1.0,-2.00166,-53.02288,Solar
1.0,-2.00962,-53.08851,Solar
1.0,-2.04763964,-53.11935053,Solar
1.0,-2.00569964,-53.08809982,Solar
1.0,-2.00748964,-53.00298018,Solar
1.0,-2.03059964,-53.10775089,Solar
1.0,-2.00781,-53.00299982,Solar
1.0,-2.00689964,-53.00389982,Solar
1.0,-2.00372964,-53.00888018,Solar
1.0,-2.01252,-52.99459018,Solar
1.0,-2.02827,-53.10658946,Solar
1.0,-1.75244,-52.42399982,Solar
1.0,-2.00825929,-53.00261982,Solar
1.0,-2.00909,-53.00099982,Solar
1.0,-2.026225,-53.10231053,Solar
1.0,-2.02787,-53.10620018,Solar
1.0,-2.01301,-53.09290018,Solar
1.0,-2.01764964,-53.09541018,Solar
1.0,-2.02346,-53.10320982,Solar
1.0,-2.05098964,-53.12044018,Solar
1.0,-2.00074,-53.08797018,Solar
1.0,-2.00903,-53.00115,Solar
1.0,-2.00741,-53.00772053,Solar
1.0,-2.07079,-53.18565053,Solar
1.0,-2.00581,-53.00578018,Solar
1.0,-2.0036,-53.00896053,Solar
1.0,-2.00347964,-53.00896053,Solar
1.0,-1.96447,-53.0301,Solar
1.0,-1.96697,-53.03032,Solar
1.0,-1.96758,-53.02747,Solar
1.0,-1.96468,-53.0299,Solar
1.0,-1.96494,-53.02962,Solar
1.0,-1.96444,-53.02971982,Solar
1.0,-1.96387,-53.02997018,Solar
1.0,-1.96715,-53.03006018,Solar
1.0,-1.9652,-53.02807053,Solar
1.0,-1.96507964,-53.02870053,Solar
1.0,-1.96524929,-53.02911982,Solar
1.0,-1.96520964,-53.02922053,Solar
1.0,-1.96522964,-53.02828018,Solar
1.0,-1.96765,-53.02751982,Solar
1.0,-1.60883964,-52.55416018,Solar
1.0,-1.96395964,-53.02984946,Solar
1.0,-1.96709929,-53.03010053,Solar
1.0,-1.96731964,-53.02969018,Solar
1.0,-1.96508,-53.02950018,Solar
1.0,-1.96520964,-53.02870018,Solar
1.0,-1.97095,-53.02000018,Solar
1.0,-1.96559929,-53.02740053,Solar
1.0,-1.96516964,-53.02950018,Solar
1.0,-1.96706,-53.03014982,Solar
1.0,-1.96523964,-53.02839982,Solar
1.0,-1.96339,-53.03250053,Solar
1.0,-1.9643,-53.02994982,Solar
1.0,-1.97106,-53.0201,Solar
1.0,-1.97876,-53.06588,Solar
1.0,-1.96028,-53.045,Solar
1.0,-1.9958,-53.10085,Solar
1.0,-1.98719,-52.09699,Solar
1.0,-1.97899929,-53.06625982,Solar
1.0,-1.99763964,-53.01730018,Solar
1.0,-1.96730964,-53.02954018,Solar
1.0,-1.97311929,-53.01902018,Solar
1.0,-1.97187964,-53.01941982,Solar
1.0,-1.96953722,-53.01992018,Solar
1.0,-1.99591,-53.10109982,Solar
1.0,-1.90476,-53.0128,Solar
1.0,-1.97753,-53.06438,Solar
1.0,-1.90556,-53.04172,Solar
1.0,-1.99803,-53.01745,Solar
1.0,-1.97913,-53.06651,Solar
1.0,-1.98263,-53.06919946,Solar
1.0,-1.99423,-53.09635053,Solar
1.0,-2.03463964,-53.16932018,Solar
1.0,-1.90497929,-57.01320053,Solar
1.0,-1.99738964,-53.01713946,Solar
1.0,-1.97756964,-53.06623982,Solar
1.0,-1.90651929,-53.01477982,Solar
1.0,-1.90497964,-53.01319982,Solar
1.0,-1.96737964,-53.02939982,Solar
1.0,-2.0302,-53.15972982,Solar
1.0,-2.22322964,-53.23765982,Solar
1.0,-2.03048,-53.15992982,Solar
1.0,-2.07849964,-53.28131911,Solar
1.0,-2.07694306,-53.29898053,Solar
1.0,-2.07737,-53.29838982,Solar
1.0,-1.96227,-53.14323,Solar
1.0,-1.98881,-53.16415,Solar
1.0,-1.99779,-53.1042,Solar
1.0,-1.99092,-53.15894,Solar
1.0,-1.98456,-53.16217018,Solar
1.0,-1.99096964,-53.15898018,Solar
1.0,-1.99409,-53.15019053,Solar
1.0,-1.96954,-53.12260018,Solar
1.0,-1.99792964,-53.10389982,Solar
1.0,-1.98812964,-53.16358018,Solar
1.0,-1.99540929,-53.09860018,Solar
1.0,-2.02115,-53.15139,Solar
1.0,-1.9756,-53.06274,Solar
1.0,-1.9719094,-53.15688089,Solar
1.0,-1.99575,-53.1004603,Solar
1.0,-1.97811,-53.0644003,Solar
1.0,-2.0299194,-53.1588203,Solar
1.0,-1.97974059,-53.0677803,Solar
1.0,-2.0264494,-53.1508503,Solar
1.0,-2.0269594,-53.1510303,Solar
1.0,-2.02998,-53.1570897,Solar
1.0,-1.99519,-53.09830089,Solar
1.0,-1.59786,-52.5508997,Solar
1.0,-1.9658994,-53.1470297,Solar
1.0,-1.98297881,-53.0722997,Solar
1.0,-2.0254494,-53.1548503,Solar
1.0,-2.0255594,-53.15483089,Solar
1.0,-2.02321,-53.15443089,Solar
1.0,-1.96005,-53.14018,Solar
1.0,-1.99006,-53.1611,Solar
1.0,-1.04118,-53.15324,Solar
1.0,-1.99584,-53.1599,Solar
1.0,-2.01228,-52.1371,Solar
1.0,-1.9547294,-53.1365997,Solar
1.0,-1.93476881,-53.1252097,Solar
1.0,-1.9987094,-53.1072003,Solar
1.0,-1.99234,-53.1093803,Solar
1.0,-1.9813094,-53.0699003,Solar
1.0,-1.94383,-53.12850149,Solar
1.0,-1.98016,-53.06811911,Solar
1.0,-1.9915294,-53.1169497,Solar
1.0,-1.9808794,-53.1593303,Solar
1.0,-1.96131,-53.1416103,Solar
1.0,-1.99154881,-53.1187003,Solar
1.0,-1.9998094,-53.1123497,Solar
1.0,-1.9985094,-53.1066203,Solar
1.0,-2.00032,-53.1130703,Solar
1.0,-1.95974821,-53.1400103,Solar
1.0,-1.99603,-53.2017803,Solar
1.0,-1.73103,-52.9056,Solar
1.0,-1.95381,-53.13582,Solar
1.0,-1.92514,-53.1166,Solar
1.0,-1.9000494,-53.0666097,Solar
1.0,-1.88602,-53.05241,Solar
1.0,-1.89213,-53.06148,Solar
1.0,-1.9282094,-53.12110089,Solar
1.0,-1.87542,-53.05148911,Solar
1.0,-1.90093,-53.06786089,Solar
1.0,-1.8857494,-53.0523103,Solar
1.0,-1.90048,-53.0671997,Solar
1.0,-1.90113,-53.0680997,Solar
1.0,-1.8889,-53.0545997,Solar
1.0,-1.9989494,-53.1432003,Solar
1.0,-1.9678194,-53.0533803,Solar
1.0,-1.9609294,-53.0578803,Solar
1.0,-1.89761,-53.0640997,Solar
1.0,-2.0004794,-53.1271603,Solar
1.0,-2.0002294,-53.1406603,Solar
1.0,-1.8856,-53.0522097,Solar
1.0,-1.8866694,-53.0588997,Solar
1.0,-1.88832,-53.0541997,Solar
1.0,-1.99173,-53.1188397,Solar
1.0,-1.96745881,-53.05295089,Solar
1.0,-1.83275,-53.03771,Solar
1.0,-1.90022,-53.06692,Solar
1.0,-1.87216,-53.05029,Solar
1.0,-1.79877,-53.02588,Solar
1.0,-1.83951,-53.0415503,Solar
1.0,-2.0060294,-53.1250797,Solar
1.0,-1.90397,-53.07470149,Solar
1.0,-1.80028,-53.0295297,Solar
1.0,-1.79877,-53.0255003,Solar
1.0,-2.01325,-53.1391597,Solar
1.0,-1.88841,-53.05502089,Solar
1.0,-1.87194099,-53.0502003,Solar
1.0,-1.9049097,-53.0779003,Solar
1.0,-1.9035497,-53.0731003,Solar
1.0,-1.9671903,-53.02999089,Solar
1.0,-1.8719797,-53.05005089,Solar
1.0,-2.00663911,-53.1317897,Solar
1.0,-1.8020097,-53.0295697,Solar
1.0,-1.87166851,-53.05001911,Solar
1.0,-1.96818089,-53.0883403,Solar
1.0,-1.7969497,-53.0251003,Solar
1.0,-1.84768911,-53.04113089,Solar
1.0,-1.9048697,-53.0777403,Solar
1.0,-1.8666297,-53.0476403,Solar
1.0,-1.53942,-53.0415,Solar
1.0,-1.8395397,-53.0413803,Solar
1.0,-1.7925297,-52.9564303,Solar
1.0,-1.79463,-52.97337,Solar
1.0,-1.79365089,-52.9959603,Solar
1.0,-1.79595911,-52.98430089,Solar
1.0,-1.31739,-52.89715,Solar
1.0,-1.78467851,-53.0068097,Solar
1.0,-1.79230911,-52.9966597,Solar
1.0,-1.79261089,-52.95625149,Solar
1.0,-1.87148911,-53.05012089,Solar
1.0,-1.72209,-53.00719,Solar
1.0,-1.8817197,-53.0515897,Solar
1.0,-1.7935497,-53.0256003,Solar
1.0,-1.7935303,-52.9593003,Solar
1.0,-1.7925397,-52.95577089,Solar
1.0,-1.7941297,-52.25740089,Solar
1.0,-1.77826,-53.9996,Solar
1.0,-1.9536397,-53.1352797,Solar
1.0,-1.7906503,-52.99961089,Solar
1.0,-1.78374911,-53.0125003,Solar
1.0,-1.7936497,-53.0259197,Solar
1.0,-1.8312497,-53.0313897,Solar
1.0,-1.79327,-52.96845,Solar
1.0,-1.79492,-52.97016,Solar
1.0,-1.7821797,-52.4396497,Solar
1.0,-1.79252911,-52.9565203,Solar
1.0,-1.76373851,-52.9171003,Solar
1.0,-1.77980911,-53.00274089,Solar
1.0,-1.79279911,-52.9488603,Solar
1.0,-1.7778997,-52.9990703,Solar
1.0,-1.7926903,-52.95882089,Solar
1.0,-1.7783197,-52.9996997,Solar
1.0,-1.78905851,-52.9420597,Solar
1.0,-1.7924897,-52.9577197,Solar
1.0,-1.7925803,-52.9594403,Solar
1.0,-1.7941697,-52.9721803,Solar
1.0,-1.7904203,-53.0006803,Solar
1.0,-2.0489797,-53.18815149,Solar
1.0,-1.79291911,-52.9652797,Solar
1.0,-1.7891997,-52.4355303,Solar
1.0,-1.79223911,-52.9471703,Solar
1.0,-1.78144911,-53.0059403,Solar
1.0,-1.7917897,-52.9669003,Solar
1.0,-1.7925497,-52.9563103,Solar
1.0,-1.79225,-53.95806,Solar
1.0,-1.79266851,-52.95892089,Solar
1.0,-1.78577,-52.93659,Solar
1.0,-1.77937,-52.92842,Solar
1.0,-1.74916,-52.91198,Solar
1.0,-1.76178998,-52.9162003,Solar
1.0,-1.7789703,-53.0006103,Solar
1.0,-1.7501097,-52.9122303,Solar
1.0,-1.7770597,-52.9976297,Solar
1.0,-1.79320911,-52.9573197,Solar
1.0,-1.7736503,-52.9231803,Solar
1.0,-2.76855089,-52.9194997,Solar
1.0,-1.7617397,-52.9162203,Solar
1.0,-1.7577797,-52.83944089,Solar
1.0,-1.7525803,-52.9136797,Solar
1.0,-1.75728911,-52.9143303,Solar
1.0,-1.79338911,-52.9585097,Solar
1.0,-1.7772097,-52.9974203,Solar
1.0,-1.7787403,-53.0002897,Solar
1.0,-1.78235911,-52.9326203,Solar
1.0,-1.7488003,-52.91207585,Solar
1.0,-1.75162,-52.91252,Solar
1.0,-1.77777,-52.9964,Solar
1.0,-1.75082,-52.91259,Solar
1.0,-1.76881,-52.92032,Solar
1.0,-1.70992,-53.02681,Solar
1.0,-1.75997,-52.82832,Solar
1.0,-1.76003,-52.83306,Solar
1.0,-1.75787,-52.83973,Solar
1.0,-1.7776,-52.39837,Solar
1.0,-1.76652,-52.79083,Solar
1.0,-1.75234,-52.88271,Solar
1.0,-1.75796,-52.83943,Solar
1.0,-1.73943,-52.90797,Solar
1.0,-1.76549,-52.87009,Solar
1.0,-1.73414,-52.90562,Solar
1.0,-1.90529,-53.0403,Solar
1.0,-1.75747,-52.87711,Solar
1.0,-1.75233,-52.88264,Solar
1.0,-1.76658,-52.86373,Solar
1.0,-1.75997,-53.82839,Solar
1.0,-1.75459,-52.95838,Solar
1.0,-1.77737,-52.99767,Solar
1.0,-1.66817,-52.89931,Solar
1.0,-1.78925,-52.94102,Solar
1.0,-1.59501,-52.55132,Solar
1.0,-1.5947,-52.5511,Solar
1.0,-1.65293,-52.5655,Solar
1.0,-1.64678,-53.09903,Solar
1.0,-1.65783,-52.57319,Solar
1.0,-1.66546,-52.58603,Solar
1.0,-1.59808,-52.551,Solar
1.0,-1.64342,-52.56018,Solar
1.0,-1.66528,-52.5861,Solar
1.0,-1.59767,-52.5499,Solar
1.0,-1.59616,-52.5512,Solar
1.0,-1.77691,-52.99636,Solar
1.0,-1.59732,-52.5499,Solar
1.0,-1.59751,-52.5512,Solar
1.0,-1.65216,-52.57128,Solar
1.0,-1.7592,-52.4106,Solar
1.0,-1.969,-53.15163,Solar
1.0,-1.65724,-52.5722,Solar
1.0,-1.66613,-52.5874,Solar
1.0,-1.66588,-52.58707,Solar
1.0,-1.60307,-52.55135,Solar
1.0,-1.66625,-52.5878,Solar
1.0,-1.60424,-52.5518,Solar
1.0,-1.66535,-53.5863,Solar
1.0,-1.65293,-52.55952,Solar
1.0,-1.6213,-52.55527,Solar
1.0,-1.60076,-52.55128,Solar
1.0,-1.59968,-52.5512,Solar
1.0,-1.60266,-52.5517,Solar
1.0,-1.6051,-52.55204,Solar
1.0,-1.6269,-52.55659,Solar
1.0,-1.61346,-52.55409,Solar
1.0,-1.66809,-52.5886,Solar
1.0,-1.59743,-52.5509,Solar
1.0,-1.75271,-52.93302,Solar
1.0,-1.6178,-52.55554,Solar
1.0,-1.65061,-52.56059,Solar
1.0,-1.6226,-52.55663,Solar
1.0,-1.66491,-52.5847,Solar
1.0,-1.63425,-52.5568,Solar
1.0,-1.63678,-52.5587,Solar
1.0,-1.66542,-52.5859,Solar
1.0,-1.66471,-52.58006,Solar
1.0,-1.63238,-52.55785,Solar
1.0,-1.66443,-52.3837,Solar
1.0,-1.62987,-52.5575,Solar
1.0,-1.49941,-52.5511,Solar
1.0,-1.63073,-52.55781,Solar
1.0,-1.59452,-52.55141,Solar
1.0,-1.75775,-52.4123,Solar
1.0,-1.75658,-52.41363,Solar
1.0,-1.76231,-52.40809999,Solar
1.0,-1.75567,-52.4148,Solar
1.0,-1.76092,-52.87501999,Solar
1.0,-1.96747,-52.9011,Solar
1.0,-1.75417,-52.4173,Solar
1.0,-1.75438,-52.41730389,Solar
1.0,-1.75919,-52.4108,Solar
1.0,-1.77008,-52.5845,Solar
1.0,-1.75904,-52.41073,Solar
1.0,-1.75491,-52.41613999,Solar
1.0,-1.75828,-52.41165001,Solar
1.0,-1.75915,-52.41050001,Solar
1.0,-1.76038,-52.4095,Solar
1.0,-1.76437,-52.396,Solar
1.0,-1.58355,-52.40117,Solar
1.0,-1.78868,-52.3624,Solar
1.0,-1.75359,-52.4184,Solar
1.0,-1.77649,-52.3746,Solar
1.0,-1.75408,-52.41776,Solar
1.0,-1.77795,-52.3734,Solar
1.0,-1.78747,-52.3675,Solar
1.0,-1.75397,-52.41813,Solar
1.0,-1.75415,-52.41764,Solar
1.0,-1.754465,-52.41704611,Solar
1.0,-1.77116001,-52.37849999,Solar
1.0,-1.75435002,-52.41737001,Solar
1.0,-1.76849997,-52.38476999,Solar
1.0,-1.75428614,-52.41724887,Solar
1.0,-1.78778011,-52.36759984,Solar
1.0,-1.77069,-52.37571998,Solar
1.0,-1.78752,-52.36090001,Solar
1.0,-1.76986002,-52.38119999,Solar
1.0,-1.77007,-52.37819999,Solar
1.0,-1.75425998,-52.41779999,Solar
1.0,-1.7852348,-52.36843632,Solar
1.0,-1.78523,-52.36839999,Solar
1.0,-1.75292,-52.42109996,Solar
1.0,-1.8023,-52.328,Solar
1.0,-1.82585,-52.30614,Solar
1.0,-1.78958,-52.26056,Solar
1.0,-1.78895004,-52.35759,Solar
1.0,-1.79807,-52.344,Solar
1.0,-1.78733,-52.36158,Solar
1.0,-1.81331,-52.3145,Solar
1.0,-1.83348004,-52.26929996,Solar
1.0,-1.80731,-52.31896,Solar
1.0,-1.81391004,-52.31139996,Solar
1.0,-1.82893,-52.284,Solar
1.0,-1.74457,-52.24329996,Solar
1.0,-1.78131996,-52.93241996,Solar
1.0,-1.80061,-52.32877004,Solar
1.0,-1.83145,-52.272,Solar
1.0,-1.83172998,-52.2871,Solar
1.0,-1.79609998,-52.34682996,Solar
1.0,-1.80371002,-52.2539,Solar
1.0,-1.74933998,-52.25700004,Solar
1.0,-1.75108002,-52.42997,Solar
1.0,-1.73032,-52.3067,Solar
1.0,-1.59848,-52.21465,Solar
1.0,-1.68756,-52.32855,Solar
1.0,-1.61061,-52.2137,Solar
1.0,-1.65988998,-52.32124996,Solar
1.0,-1.77503002,-52.27039996,Solar
1.0,-1.64193002,-52.3116,Solar
1.0,-1.55454,-52.71595,Solar
1.0,-1.83148,-52.2704,Solar
1.0,-1.67445,-52.32589999,Solar
1.0,-1.67991,-52.327,Solar
1.0,-1.77503,-52.2705,Solar
1.0,-1.72678999,-52.30913999,Solar
1.0,-1.61542,-52.29834,Solar
1.0,-1.65367,-52.3192,Solar
1.0,-1.81927,-52.24683999,Solar
1.0,-1.7078,-52.32161,Solar
1.0,-1.83125,-52.2629,Solar
1.0,-1.59004,-52.21792001,Solar
1.0,-1.58137999,-52.22234,Solar
1.0,-1.58124,-52.22236999,Solar
1.0,-1.56548,-52.23902,Solar
1.0,-1.58996,-52.21800001,Solar
1.0,-1.57503,-52.22669999,Solar
1.0,-1.76659,-52.27302999,Solar
1.0,-1.53926,-52.24408,Solar
1.0,-1.54875,-52.24185,Solar
1.0,-1.58182,-52.33679999,Solar
1.0,-1.56155,-52.23713,Solar
1.0,-1.75129,-52.4299,Solar
1.0,-1.58496,-52.4108,Solar
1.0,-1.58312999,-52.3988,Solar
1.0,-1.58238,-52.38745,Solar
1.0,-1.58844,-52.42369999,Solar
1.0,-1.74960194,-52.43535111,Solar
1.0,-1.74995,-52.4345,Solar
1.0,-2.13583,-52.75352,Solar
1.0,-1.75288001,-52.42099999,Solar
1.0,-1.73875999,-52.4557,Solar
1.0,-1.74707,-52.44106,Solar
1.0,-1.75289,-52.4212,Solar
1.0,-1.54074,-52.4911,Solar
1.0,-1.68291,-52.59428,Solar
1.0,-1.68972,-52.59594,Solar
1.0,-1.75381,-52.41848,Solar
1.0,-1.42063,-52.3465,Solar
1.0,-1.75338611,-52.41910388,Solar
1.0,-1.59126,-52.468,Solar
1.0,-1.75212,-52.42507999,Solar
1.0,-1.59097,-52.9968,Solar
1.0,-1.68245,-52.5992,Solar
1.0,-1.40887,-52.35635,Solar
1.0,-1.59088,-52.4916,Solar
1.0,-1.59398,-52.5935,Solar
1.0,-1.59658,-52.60932,Solar
1.0,-1.59681,-52.6103,Solar
1.0,-1.59397,-52.59357,Solar
1.0,-1.59617,-52.60512,Solar
1.0,-1.59636,-52.60526,Solar
1.0,-1.59536,-52.60151,Solar
1.0,-1.59691,-52.6125,Solar
1.0,-1.60189,-52.66267,Solar
1.0,-1.60093,-53.6501,Solar
1.0,-1.59497,-52.59735,Solar
1.0,-1.73843,-52.4632,Solar
1.0,-1.41059,-52.35676,Solar
1.0,-1.41074,-52.35682,Solar
1.0,-1.44568,-52.312,Solar
1.0,-1.42567,-52.34074,Solar
1.0,-1.67014,-52.59217,Solar
1.0,-1.73775,-52.454,Solar
1.0,-1.73902,-52.4632,Solar
1.0,-1.70945,-52.56792,Solar
1.0,-1.44446,-52.31416,Solar
1.0,-1.73718,-52.4915,Solar
1.0,-1.73917,-52.4618,Solar
1.0,-1.43195,-52.32872,Solar
1.0,-1.74603,-52.44067,Solar
1.0,-1.68719,-52.5951,Solar
1.0,-1.44161,-52.32016,Solar
1.0,-1.72699,-52.54004,Solar
1.0,-1.74333,-52.50587,Solar
1.0,-1.44598,-52.30876,Solar
1.0,-1.74205,-52.506,Solar
1.0,-1.68215,-52.5934,Solar
1.0,-1.44379,-52.31639,Solar
1.0,-1.7271,-52.53999,Solar
1.0,-1.67391,-52.593,Solar
1.0,-1.74678,-52.9901,Solar
1.0,-1.74455,-52.4418,Solar
1.0,-1.73995,-52.4481,Solar
1.0,-1.74633,-52.44033,Solar
1.0,-1.67877,-52.59350001,Solar
1.0,-1.73927,-52.447,Solar
1.0,-1.59726,-52.6146,Solar
1.0,-1.44644,-52.50549,Solar
1.0,-1.66789,-52.5886,Solar
1.0,-1.53869,-52.24369,Solar
5000.0,-3.49527778,-38.93388889,Eólica
2500.0,-26.57812699,-51.70037986,Eólica
25600.0,-4.19363072,-38.07655968,Eólica
2400.0,-3.7053,-38.4711,Eólica
49300.0,-5.30970065,-35.38670542,Eólica
28800.0,-2.81509786,-40.23487495,Eólica
42000.0,-2.85134303,-39.96593731,Eólica
100650.0,-5.12430556,-36.38330556,Eólica
51000.0,-5.09435278,-36.36287521,Eólica
4950.0,-7.49533458,-35.49552132,Eólica
600.0,-28.3867,-49.5614,Eólica
25200.0,-4.12555556,-38.15027778,Eólica
105000.0,-2.90509733,-41.03924765,Eólica
10500.0,-4.53583333,-37.69527778,Eólica
3230.0,-4.58914286,-37.63766372,Eólica
4800.0,-26.6,-52.7167,Eólica
54600.0,-3.01786514,-39.67407146,Eólica
25200.0,-3.43147438,-38.96196719,Eólica
70000.0,-30.07905905,-50.17205613,Eólica
28800.0,-4.36305556,-37.88388889,Eólica
28050.0,-21.56572196,-41.07310692,Eólica
18000.0,-2.82624694,-41.70708553,Eólica
31500.0,0.0,0.0,Eólica
1800.0,-5.08831181,-36.55776204,Eólica
57000.0,-4.46705037,-37.75771695,Eólica
9000.0,-26.58391939,-51.68758707,Eólica
50000.0,-29.96309236,-50.28257195,Eólica
50000.0,-29.93244598,-50.29843056,Eólica
9200.0,-30.45796095,-50.39064041,Eólica
23100.0,-3.54476008,-38.88874255,Eólica
16500.0,-3.51028908,-38.9163918,Eólica
50000.0,-29.9914521,-50.28796405,Eólica
50000.0,-4.44719747,-37.75955651,Eólica
3000.0,-28.54579639,-48.80999955,Eólica
4950.0,-8.17499992,-35.38888887,Eólica
4950.0,-8.27899808,-35.59637599,Eólica
4950.0,-8.29467935,-35.59556635,Eólica
4950.0,-8.26816077,-35.59640496,Eólica
10200.0,-6.49388892,-34.97194437,Eólica
30000.0,-28.47100139,-49.60503448,Eólica
30000.0,-26.58483083,-51.75316958,Eólica
3000.0,-28.45514692,-49.59836683,Eólica
6000.0,-26.5889403,-51.7427445,Eólica
30000.0,-28.44642611,-49.60757873,Eólica
30000.0,-26.58856179,-51.81380026,Eólica
30000.0,-28.44025771,-49.57030656,Eólica
10500.0,-26.61226387,-51.74013755,Eólica
22500.0,-26.61826629,-51.56459472,Eólica
30000.0,-26.59938665,-51.72547186,Eólica
4500.0,-6.55729634,-35.01469355,Eólica
4800.0,-6.57467434,-34.97603911,Eólica
4800.0,-6.55759639,-34.97205771,Eólica
4800.0,-6.5475167,-34.96801217,Eólica
4800.0,-6.57579657,-34.97181492,Eólica
4800.0,-6.55658984,-34.96642989,Eólica
4800.0,-6.54736604,-34.9737106,Eólica
4800.0,-6.55597563,-34.96904259,Eólica
4800.0,-6.57010979,-34.96736854,Eólica
4800.0,-6.58140798,-34.97465157,Eólica
4800.0,-6.58225475,-34.97846188,Eólica
4500.0,-4.04305556,-38.29694444,Eólica
14400.0,-5.09194826,-36.33765611,Eólica
30000.0,-2.88526007,-39.98390256,Eólica
26000.0,-5.18560396,-36.36026509,Eólica
27000.0,-2.88554663,-39.97209897,Eólica
35070.0,-12.35119149,-42.33852459,Eólica
26000.0,-5.16593439,-36.31925994,Eólica
26000.0,-5.17395459,-36.3023717,Eólica
27600.0,-29.94453822,-50.25159686,Eólica
30000.0,-9.51754829,-40.88639419,Eólica
16800.0,-3.02740911,-39.62090699,Eólica
26000.0,-5.16731956,-36.40675102,Eólica
30000.0,-5.2431668,-35.89882636,Eólica
30000.0,-5.26883662,-35.90357365,Eólica
30000.0,-2.91589101,-39.95443754,Eólica
18900.0,-3.54216022,-38.87840271,Eólica
34500.0,-10.80996755,-36.92926012,Eólica
42000.0,-3.43674371,-38.98536818,Eólica
28800.0,-5.34366667,-35.87830556,Eólica
28800.0,-5.36283341,-35.81897265,Eólica
30000.0,-5.30548793,-35.91324506,Eólica
30000.0,-5.24030138,-35.92696942,Eólica
30060.0,-12.31269913,-42.35098757,Eólica
35390.0,-12.27870333,-42.36260411,Eólica
30000.0,-5.23944376,-35.91353199,Eólica
30000.0,-5.26748652,-35.91023359,Eólica
29400.0,-3.36994474,-39.26209818,Eólica
28800.0,-5.37436111,-35.86825,Eólica
28800.0,-5.38202775,-35.88088889,Eólica
19200.0,-14.15545583,-42.63821972,Eólica
11200.0,-13.8823,-42.66305,Eólica
9600.0,-14.18314712,-42.62274949,Eólica
24000.0,-14.17694395,-42.6540627,Eólica
28800.0,-13.89569444,-42.67688889,Eólica
25600.0,-14.01475,-42.63386111,Eólica
8000.0,-14.18515114,-42.5910726,Eólica
30400.0,-13.86057434,-42.6573417,Eólica
27200.0,-13.98794444,-42.63894444,Eólica
6400.0,-13.86294444,-42.67266667,Eólica
24000.0,-14.20213939,-42.65889865,Eólica
20800.0,-14.20170756,-42.61830984,Eólica
25200.0,-3.32206483,-39.26705406,Eólica
27600.0,-29.95953182,-50.31139207,Eólica
27300.0,-3.31876415,-39.23959593,Eólica
25200.0,-3.34782022,-39.26524944,Eólica
19800.0,-5.41871072,-35.95397538,Eólica
16100.0,-30.45247968,-50.42264109,Eólica
27300.0,-3.21470936,-39.32884188,Eólica
68470.0,-5.12783831,-36.45364833,Eólica
27300.0,-4.96861732,-36.90093714,Eólica
30400.0,-14.16402778,-42.60055556,Eólica
28800.0,-14.21891461,-42.6413885,Eólica
9200.0,-30.44688393,-50.38882565,Eólica
30000.0,-30.84066056,-55.72511056,Eólica
30000.0,-30.84847282,-55.68555215,Eólica
30000.0,-30.80184183,-55.71424758,Eólica
8000.0,-5.23291909,-35.93175546,Eólica
29400.0,-3.32179976,-39.26714607,Eólica
37800.0,-3.06602273,-39.59692932,Eólica
2.24,-23.26059302,-47.6641937,Eólica
25500.0,-4.56338889,-37.68847222,Eólica
14400.0,-5.08257945,-36.40740239,Eólica
27300.0,-3.08118348,-39.59486114,Eólica
14700.0,-3.52830976,-38.89845984,Eólica
30000.0,-5.2597062,-35.92171118,Eólica
29900.0,-29.91204857,-50.28233114,Eólica
23100.0,-4.96397514,-36.91471965,Eólica
58450.0,-5.10086936,-36.20204622,Eólica
60120.0,-5.11899151,-36.16319865,Eólica
30000.0,-14.185,-42.503,Eólica
30000.0,-9.87459153,-41.09571479,Eólica
30000.0,-14.21944444,-42.507,Eólica
29900.0,-29.98147964,-50.25494396,Eólica
20000.0,-4.94665068,-36.96413673,Eólica
30000.0,-9.86384384,-41.10417464,Eólica
31465.0,-9.87469326,-41.09301108,Eólica
30000.0,-30.31880129,-50.31609562,Eólica
11200.0,-30.27787747,-50.79777017,Eólica
30000.0,-30.29189018,-50.33501324,Eólica
30000.0,-30.32652811,-50.32337885,Eólica
22000.0,-32.20078409,-52.22087774,Eólica
22000.0,-32.21881282,-52.20182277,Eólica
23520.0,-14.11946418,-42.61408311,Eólica
20000.0,-32.21031876,-52.21144728,Eólica
23000.0,-30.43976078,-50.40528616,Eólica
30000.0,-30.29151576,-50.30501233,Eólica
21840.0,-13.96426616,-42.63886294,Eólica
31860.0,-14.12959332,-42.55965544,Eólica
30000.0,-5.26981878,-35.85890579,Eólica
32000.0,-5.32906522,-35.99158905,Eólica
30000.0,-5.39192177,-35.83305675,Eólica
30000.0,-5.32006129,-35.93222342,Eólica
19800.0,-5.44838045,-35.95609507,Eólica
20000.0,-5.09702492,-36.02035141,Eólica
30000.0,-5.36511687,-35.86185285,Eólica
30000.0,-5.39727482,-35.87487681,Eólica
27000.0,-5.23234863,-35.82660981,Eólica
30240.0,-14.08850925,-42.68270797,Eólica
32000.0,-5.38276168,-36.00879106,Eólica
32000.0,-5.2811997,-35.98042454,Eólica
27000.0,-5.26222884,-35.81445103,Eólica
30000.0,-6.03388889,-36.544,Eólica
14000.0,-5.11060381,-35.92790604,Eólica
32000.0,-5.25286111,-35.943,Eólica
30000.0,-5.28390789,-35.87547302,Eólica
30000.0,-5.30447388,-35.8691597,Eólica
30000.0,-5.3070097,-35.8886795,Eólica
30000.0,-6.01662683,-36.48349762,Eólica
32000.0,-5.35963724,-35.99872068,Eólica
30000.0,-5.29529905,-35.89572144,Eólica
30000.0,-5.05295181,-35.97844315,Eólica
30000.0,-6.02361111,-36.472,Eólica
30000.0,-14.1025978,-42.61065719,Eólica
30000.0,-6.04888889,-36.546,Eólica
30240.0,-14.14727297,-42.71185123,Eólica
27000.0,-5.2286132,-35.88081169,Eólica
27000.0,-5.25507378,-35.84364663,Eólica
30000.0,-5.05449533,-35.96867752,Eólica
30000.0,-5.29812288,-35.91640091,Eólica
30000.0,-6.03027778,-36.488,Eólica
6.0,-6.20991667,-35.363,Eólica
22400.0,-5.07738118,-35.83981059,Eólica
22400.0,-5.08060245,-35.82578583,Eólica
22400.0,-5.08251017,-35.81,Eólica
11200.0,-5.09034131,-35.798,Eólica
24000.0,-5.09041226,-35.782,Eólica
12800.0,-5.0946405,-35.767,Eólica
14400.0,-5.09714734,-35.752,Eólica
14400.0,-5.07267646,-35.888,Eólica
11200.0,-5.08724472,-35.887,Eólica
14400.0,-5.10718687,-35.889,Eólica
27510.0,-3.87809695,-41.17509512,Eólica
29120.0,-3.89443028,-41.19694609,Eólica
27750.0,-3.87952688,-41.15337075,Eólica
27510.0,-3.85300663,-41.1833836,Eólica
29120.0,-3.88877346,-41.18562645,Eólica
18000.0,-9.49858333,-40.879,Eólica
30000.0,-6.10138889,-36.57868431,Eólica
30000.0,-6.02493709,-36.51203738,Eólica
28000.0,-5.30416667,-35.382,Eólica
20000.0,-6.05661175,-36.58061876,Eólica
30800.0,-2.84278185,-41.69759555,Eólica
30004.0,-3.19358656,-39.37464301,Eólica
16100.0,-5.38980988,-35.84627063,Eólica
20700.0,-5.41199132,-35.84833061,Eólica
25388.0,-3.22166667,-39.29,Eólica
30004.0,-3.26315199,-39.21588688,Eólica
30004.0,-3.20107047,-39.36471454,Eólica
20700.0,-5.42682174,-35.85338594,Eólica
20700.0,-5.42153085,-35.85256767,Eólica
29700.0,-3.06655611,-39.70258815,Eólica
21600.0,-3.09824905,-39.67855225,Eólica
24300.0,-3.0984118,-39.66628265,Eólica
21000.0,-5.08801797,-35.90224013,Eólica
27300.0,-5.05484653,-36.01189392,Eólica
23100.0,-5.10540384,-35.90172351,Eólica
27300.0,-5.06615249,-36.0123623,Eólica
29900.0,-11.66425,-41.362,Eólica
29900.0,-11.73336111,-41.373,Eólica
29900.0,-11.79646316,-41.3933842,Eólica
16650.0,-14.3381384,-42.59109055,Eólica
12950.0,-14.34605667,-42.61368354,Eólica
29900.0,-30.01941202,-50.33618486,Eólica
29600.0,-14.41988897,-42.62872019,Eólica
22200.0,-14.45280192,-42.64099568,Eólica
18000.0,-33.54306848,-53.2768811,Eólica
30000.0,-33.55170739,-53.22728994,Eólica
20000.0,-33.50873325,-53.28320345,Eólica
20000.0,-33.50172009,-53.26433751,Eólica
26000.0,-33.52214653,-53.27900227,Eólica
30000.0,-33.56680608,-53.24599923,Eólica
30000.0,-33.57671248,-53.29529078,Eólica
28000.0,-33.59129694,-53.27160818,Eólica
25200.0,-30.77088858,-55.66292519,Eólica
31450.0,-14.39117106,-42.5938536,Eólica
27750.0,-14.29269078,-42.58526944,Eólica
29600.0,-14.377552,-42.60938646,Eólica
22000.0,-33.66469695,-53.4164283,Eólica
26000.0,-33.5530173,-53.31075269,Eólica
30000.0,-33.66812414,-53.42183844,Eólica
24000.0,-33.65651802,-53.39357107,Eólica
30240.0,-14.13370646,-42.60235759,Eólica
30240.0,-14.02915106,-42.61607574,Eólica
28560.0,-14.15232508,-42.68159246,Eólica
28560.0,-14.17203284,-42.70022351,Eólica
30550.0,-5.43077346,-35.89305115,Eólica
25850.0,-5.41436586,-35.90011068,Eólica
18800.0,-9.01873689,-38.0560145,Eólica
22000.0,-33.65944302,-53.40028553,Eólica
24000.0,-33.71737403,-53.41670291,Eólica
30240.0,-14.46886215,-42.58355855,Eólica
21840.0,-14.52923503,-42.58673115,Eólica
28200.0,-13.91798451,-42.62044581,Eólica
18480.0,-14.49572374,-42.58285958,Eólica
10080.0,-14.47696269,-42.5852515,Eólica
27000.0,-5.12871716,-35.65383309,Eólica
30550.0,-9.06248188,-38.11857986,Eólica
30550.0,-9.06719303,-38.14478302,Eólica
28200.0,-13.91002361,-42.62417205,Eólica
27000.0,-32.41269322,-52.35546521,Eólica
20000.0,-2.82065099,-41.74175792,Eólica
16200.0,-5.48727863,-35.90008936,Eólica
30000.0,-33.53570277,-53.30120436,Eólica
20000.0,-2.83982215,-41.72699664,Eólica
27000.0,-5.15203946,-35.6629881,Eólica
30000.0,-4.94375056,-36.99175321,Eólica
29700.0,-32.41452177,-52.37290819,Eólica
29700.0,-5.47205586,-35.91615497,Eólica
20160.0,-14.50840054,-42.58665108,Eólica
30000.0,-2.83714006,-41.70736161,Eólica
29700.0,-32.36886667,-52.342,Eólica
23100.0,-3.94661349,-41.12303536,Eólica
21600.0,-32.38620833,-52.327,Eólica
27000.0,-5.12826432,-35.6886481,Eólica
22000.0,-33.72280556,-53.39900188,Eólica
27465.0,-5.13565878,-35.62074708,Eólica
20000.0,-6.00427326,-36.43527354,Eólica
28000.0,-6.13531074,-36.72199512,Eólica
29700.0,-5.44216093,-35.92330935,Eólica
29700.0,-5.52300494,-35.42852864,Eólica
27000.0,-5.56943192,-35.44728929,Eólica
29700.0,-5.53755281,-35.4467176,Eólica
29700.0,-5.57777778,-35.464,Eólica
29700.0,-5.52111111,-35.469,Eólica
26000.0,-5.47992913,-36.00440197,Eólica
29160.0,-5.3601309,-35.83553998,Eólica
23000.0,-29.98306343,-50.33240102,Eólica
27000.0,-4.99772056,-36.91470886,Eólica
30000.0,-4.94566806,-37.00358406,Eólica
30000.0,-4.96181355,-37.03545435,Eólica
18000.0,-5.46435727,-35.93527616,Eólica
27000.0,-30.25605887,-50.76613156,Eólica
24000.0,-5.02510247,-36.91461618,Eólica
24000.0,-4.42742894,-37.87085677,Eólica
24000.0,-3.24701636,-39.25022956,Eólica
26000.0,-3.26029626,-39.24834285,Eólica
24000.0,-5.01235008,-36.91457359,Eólica
18000.0,-4.98766654,-36.92874962,Eólica
14000.0,-3.27326102,-39.2246731,Eólica
12600.0,-4.65656137,-37.61229324,Eólica
23100.0,-4.59210157,-37.7139473,Eólica
21000.0,-4.49983571,-37.80933485,Eólica
18900.0,-4.59447288,-37.68202591,Eólica
16800.0,-4.62281132,-37.69035721,Eólica
27300.0,-4.60060883,-37.64888382,Eólica
21000.0,-4.42427635,-37.87966537,Eólica
27000.0,-4.43298747,-37.81621938,Eólica
30000.0,-4.45121254,-37.8677295,Eólica
30000.0,-5.32196326,-36.06063482,Eólica
30000.0,-5.3697696,-36.03167954,Eólica
30000.0,-5.30224886,-36.03810741,Eólica
30000.0,-5.3449288,-36.04003815,Eólica
30000.0,-10.62770186,-40.68553526,Eólica
30000.0,-10.583277,-40.63744738,Eólica
30000.0,-10.56956163,-40.62858262,Eólica
30000.0,-10.55667941,-40.5686764,Eólica
30000.0,-14.16321686,-42.4844902,Eólica
2000.0,-8.33437875,-35.00529616,Eólica
30000.0,-10.51956005,-40.61138421,Eólica
26000.0,-5.41830211,-35.98613113,Eólica
156.0,-19.727566,-50.19656,Eólica
18000.0,-6.0462987,-36.55513292,Eólica
18000.0,-6.07538762,-36.5301722,Eólica
25200.0,-5.32515959,-35.94261985,Eólica
25200.0,-5.33563148,-35.96689863,Eólica
25200.0,-5.35434917,-35.93354673,Eólica
18900.0,-13.83791923,-42.64863784,Eólica
30000.0,-11.82245678,-41.45906226,Eólica
22.5,-1.67622,-44.81958,Eólica
29700.0,-7.30696092,-40.55498054,Eólica
29700.0,-7.33057948,-40.57947838,Eólica
29700.0,-7.35291645,-40.60046442,Eólica
29700.0,-7.30002016,-40.55418635,Eólica
29700.0,-7.30339822,-40.53635416,Eólica
29700.0,-7.30470774,-40.53001363,Eólica
29700.0,-7.33010887,-40.58999031,Eólica
31700.0,-29.77275779,-50.08010638,Eólica
32900.0,-9.88679375,-41.12033083,Eólica
32900.0,-9.84970469,-41.05651947,Eólica
30000.0,-11.89343089,-41.45833065,Eólica
30000.0,-11.85671845,-41.47422172,Eólica
20000.0,-11.18410667,-42.70531252,Eólica
22100.0,-14.11463412,-42.47494888,Eólica
30000.0,-11.1637947,-42.67064896,Eólica
23800.0,-14.14148093,-42.47826736,Eólica
28900.0,-8.84649241,-36.73023703,Eólica
32900.0,-9.8627638,-41.0834168,Eólica
28900.0,-8.86806194,-36.74706437,Eólica
28900.0,-8.84508573,-36.76966307,Eólica
28000.0,-11.86161996,-41.41614405,Eólica
18000.0,-11.07103885,-42.6788145,Eólica
30000.0,-7.56968194,-40.70317552,Eólica
30000.0,-7.59459511,-40.73036087,Eólica
27200.0,-8.79690443,-36.73376938,Eólica
30000.0,-7.55331233,-40.72552397,Eólica
13600.0,-8.80988311,-36.74873861,Eólica
30000.0,-7.59768609,-40.73249201,Eólica
30000.0,-7.52658978,-40.74420422,Eólica
30000.0,-7.51089594,-40.73443836,Eólica
27200.0,-8.83377658,-36.76018312,Eólica
29400.0,-5.23370126,-35.78992453,Eólica
29400.0,-5.22620707,-35.78523117,Eólica
29600.0,-7.48295922,-40.79978173,Eólica
28900.0,-7.45882146,-40.72366987,Eólica
29600.0,-7.43867581,-40.70826931,Eólica
29600.0,-7.41035247,-40.71088116,Eólica
23700.0,-14.27782253,-42.54345862,Eólica
15000.0,-14.3159116,-42.57214019,Eólica
8100.0,-13.89479471,-42.70269754,Eólica
9000.0,-14.32569297,-42.57185217,Eólica
21600.0,-13.90772152,-42.70502063,Eólica
21000.0,-14.54996203,-42.58064365,Eólica
21000.0,-14.5561812,-42.58204778,Eólica
14700.0,-5.27793198,-35.78090198,Eólica
28900.0,-7.48598065,-40.75404392,Eólica
28900.0,-7.47778083,-40.76739153,Eólica
29600.0,-7.45166154,-40.74413274,Eólica
16200.0,-13.91558567,-42.69778192,Eólica
27200.0,-8.80254751,-36.75791784,Eólica
23400.0,-14.25956065,-42.5543204,Eólica
27300.0,-5.29366049,-35.78931672,Eólica
29400.0,-5.27983007,-35.80055853,Eólica
8000.0,-14.44520868,-42.69171929,Eólica
10000.0,-14.33182168,-42.61280189,Eólica
6000.0,-14.41277563,-42.65994184,Eólica
4000.0,-14.43188347,-42.6918938,Eólica
10000.0,-14.41903828,-42.6419293,Eólica
10000.0,-14.28355941,-42.59324515,Eólica
10000.0,-14.27017056,-42.57548998,Eólica
10000.0,-14.32017749,-42.61027503,Eólica
8000.0,-30.88072837,-55.67654119,Eólica
21000.0,-2.96648964,-39.87947385,Eólica
27000.0,-2.92112875,-39.86165058,Eólica
15000.0,-2.94757126,-39.83686449,Eólica
27000.0,-2.92254688,-39.84065178,Eólica
30000.0,-30.88796891,-55.73522516,Eólica
21600.0,-30.26484803,-50.78338279,Eólica
10000.0,-30.91629583,-55.70843584,Eólica
10000.0,-14.48147697,-42.64087206,Eólica
17900.0,-33.68752005,-53.38097703,Eólica
16000.0,-14.50305809,-42.65136408,Eólica
32900.0,-9.27055058,-41.05009439,Eólica
27200.0,-7.45133388,-40.68637239,Eólica
8500.0,-14.10820737,-42.47461065,Eólica
28200.0,-9.31480205,-41.11748472,Eólica
23920.0,-8.91133393,-36.74770823,Eólica
28900.0,-7.37088793,-40.67417409,Eólica
12530.0,-33.58507579,-53.3592548,Eólica
22295.0,-8.89518999,-36.72570166,Eólica
7160.0,-33.63985526,-53.32506053,Eólica
17900.0,-33.61818684,-53.3572286,Eólica
8950.0,-33.60715978,-53.32482123,Eólica
14320.0,-33.65348268,-53.30407321,Eólica
22235.0,-8.90308099,-36.7579247,Eólica
19690.0,-33.63874916,-53.30938886,Eólica
30000.0,-10.6060965,-40.65449747,Eólica
22295.0,-8.91381,-36.729573,Eólica
12530.0,-33.63403301,-53.35337923,Eólica
21000.0,-3.92388987,-41.02818691,Eólica
29600.0,-7.43772818,-40.74645097,Eólica
28900.0,-7.42365825,-40.67152868,Eólica
28900.0,-7.41301781,-40.66857176,Eólica
16110.0,-33.654306,-53.32371936,Eólica
14320.0,-33.56249212,-53.35263347,Eólica
17900.0,-33.60994435,-53.34410553,Eólica
28900.0,-7.38581768,-40.69776191,Eólica
16000.0,-14.47095341,-42.66552734,Eólica
32900.0,-9.84775015,-41.05389145,Eólica
21480.0,-33.59605533,-53.36769209,Eólica
16800.0,-3.86612299,-41.03818189,Eólica
10500.0,-3.93213177,-41.02664628,Eólica
14700.0,-3.86737805,-41.02025838,Eólica
31500.0,-5.29419488,-35.74659906,Eólica
21000.0,-5.10747769,-35.87028501,Eólica
23100.0,-3.88842316,-41.04010509,Eólica
25200.0,-5.10334579,-35.85214857,Eólica
15000.0,-33.1184613,-52.90003523,Eólica
18000.0,-33.16335103,-52.89370135,Eólica
28600.0,-5.49281996,-36.00362986,Eólica
28875.0,-5.26372468,-35.76380499,Eólica
15000.0,-33.10746343,-52.87054515,Eólica
29600.0,-7.40929161,-40.69511612,Eólica
29600.0,-7.3723455,-40.70717538,Eólica
15000.0,-33.20780635,-52.92975922,Eólica
16800.0,-5.49487767,-35.98785357,Eólica
23000.0,-2.81660337,-41.78222169,Eólica
25850.0,-9.87174698,-41.06310981,Eólica
27000.0,-33.06116202,-52.86823685,Eólica
18900.0,-5.08366984,-35.86234833,Eólica
23100.0,-3.00076654,-39.73065491,Eólica
9000.0,-33.08713496,-52.89569717,Eólica
21000.0,-33.08394639,-52.83763035,Eólica
9000.0,-33.09846608,-52.86192223,Eólica
15000.0,-33.09506924,-52.84351885,Eólica
9000.0,-33.17617609,-52.92069019,Eólica
25200.0,-2.99751534,-39.73369636,Eólica
17500.0,-10.66499208,-41.60451759,Eólica
25000.0,-10.67947732,-41.5206307,Eólica
25000.0,-10.66991637,-41.50950699,Eólica
20000.0,-10.64024826,-41.50758317,Eólica
20000.0,-10.64988254,-41.59608593,Eólica
17500.0,-10.63864428,-41.61434102,Eólica
15000.0,-10.58632327,-41.49018325,Eólica
18400.0,-7.74295701,-40.67521794,Eólica
27600.0,-7.77255206,-40.6785747,Eólica
18400.0,-7.7252102,-40.67930224,Eólica
24000.0,-4.98814918,-36.96456447,Eólica
20000.0,-10.64692468,-41.56466585,Eólica
20000.0,-10.65281868,-41.49725368,Eólica
25000.0,-10.69414809,-41.56871623,Eólica
7500.0,-10.65027094,-41.58736582,Eólica
24000.0,-5.03570418,-36.96441723,Eólica
27000.0,-12.01558277,-41.44626231,Eólica
27000.0,-5.01477457,-36.96448221,Eólica
25300.0,-7.74418747,-40.62081321,Eólica
25300.0,-7.7481736,-40.62963428,Eólica
29900.0,-7.72832966,-40.65840946,Eólica
27600.0,-7.75987662,-40.67332146,Eólica
24000.0,-5.06561135,-36.9643239,Eólica
29900.0,-7.71396913,-40.67615505,Eólica
18400.0,-7.77070452,-40.67772375,Eólica
12000.0,-11.9843248,-41.44454854,Eólica
27000.0,-12.03242556,-41.45653965,Eólica
20000.0,-10.67344736,-41.60474488,Eólica
32900.0,-5.33867728,-36.11292362,Eólica
32900.0,-5.37121447,-36.09034821,Eólica
24000.0,-33.18958366,-52.93016379,Eólica
30000.0,-33.13804259,-52.91205192,Eólica
36000.0,-8.18765184,-36.75098902,Eólica
36000.0,-8.17726416,-36.73764847,Eólica
22500.0,-7.48559605,-35.49365755,Eólica
30000.0,-6.05353227,-36.45557162,Eólica
24000.0,-6.04275376,-36.46399991,Eólica
30000.0,-6.00054562,-36.44983358,Eólica
21000.0,-2.92914145,-39.87566361,Eólica
30000.0,-2.9481423,-39.90116599,Eólica
24000.0,-2.92882717,-39.87574637,Eólica
21000.0,-2.95398303,-39.87738592,Eólica
21000.0,-2.98120402,-39.8927909,Eólica
31365.0,-8.72631967,-36.69993267,Eólica
31365.0,-8.70930442,-36.73365648,Eólica
31365.0,-8.75765054,-36.71414957,Eólica
31365.0,-8.76507968,-36.74807955,Eólica
31365.0,-8.70988668,-36.7628169,Eólica
27675.0,-8.78104466,-36.75832376,Eólica
25830.0,-8.75023975,-36.75012432,Eólica
22140.0,-8.70454106,-36.77568459,Eólica
32900.0,-5.41151004,-36.0832232,Eólica
25000.0,-10.69772228,-41.58232239,Eólica
23100.0,-4.74757277,-37.30751911,Eólica
30000.0,-7.5550083,-40.72568004,Eólica
28200.0,-5.38141017,-35.80486372,Eólica
1.98,-31.69139978,-52.29200376,Eólica
29700.0,-3.24796466,-39.29431548,Eólica
18900.0,-3.25323687,-39.28094594,Eólica
29700.0,-3.27922444,-39.30611639,Eólica
18900.0,-3.25967721,-39.28158583,Eólica
2099.5,-28.48092511,-49.03715883,Eólica
25200.0,-5.36626809,-36.11046832,Eólica
30000.0,-13.93122764,-41.56086632,Eólica
30000.0,-13.97013345,-41.55017895,Eólica
30000.0,-14.00950837,-41.53327685,Eólica
13500.0,-13.83506285,-42.7037769,Eólica
21600.0,-14.044056,-42.65429301,Eólica
16200.0,-13.82661024,-42.70428516,Eólica
12000.0,-14.32898043,-42.57230176,Eólica
16200.0,-13.99459845,-42.69078304,Eólica
16200.0,-13.86355786,-42.69089807,Eólica
16200.0,-13.82937522,-42.69082273,Eólica
18900.0,-13.84187496,-42.69056477,Eólica
13500.0,-14.01545978,-42.66330327,Eólica
18900.0,-13.97988782,-42.66518946,Eólica
16500.0,-14.25403541,-42.54905022,Eólica
27800.0,-29.98068457,-50.45282898,Eólica
37800.0,-5.38685927,-36.11048835,Eólica
42000.0,-5.15255466,-35.76459314,Eólica
42000.0,-5.18127369,-35.78058945,Eólica
42000.0,-5.13189046,-35.80978074,Eólica
25200.0,-5.2036191,-35.79095338,Eólica
100800.0,-31.03129483,-55.93084986,Eólica
105000.0,-31.07521807,-55.88633308,Eólica
13800.0,-14.01696831,-42.67641007,Eólica
18000.0,-14.53557321,-42.5758388,Eólica
12400.0,-5.19037755,-35.48248901,Eólica
31000.0,-5.18352892,-35.48879978,Eólica
4000.0,-26.62560844,-51.67525133,Eólica
12500.0,-11.17055586,-42.6813213,Eólica
30000.0,-11.04747424,-42.6875994,Eólica
27500.0,-11.17742485,-42.736905,Eólica
20000.0,-11.13497767,-42.65347343,Eólica
27500.0,-11.21271233,-42.69985117,Eólica
17500.0,-11.10651596,-42.67149802,Eólica
17500.0,-11.0903652,-42.68300814,Eólica
27500.0,-11.12278025,-42.68407001,Eólica
30000.0,-11.13107471,-42.69679751,Eólica
25000.0,-11.11529657,-42.66990024,Eólica
20000.0,-5.91420831,-36.30922525,Eólica
20000.0,-5.88690655,-36.28867724,Eólica
27300.0,-5.08277207,-35.95518377,Eólica
27300.0,-5.08207361,-35.94193113,Eólica
27300.0,-5.06431357,-35.90141327,Eólica
28000.0,-10.05750878,-40.97868042,Eólica
28000.0,-10.03694564,-40.95861817,Eólica
28000.0,-10.02287638,-40.92836422,Eólica
25300.0,-8.91557238,-36.77560354,Eólica
25300.0,-8.9209612,-36.78224126,Eólica
13500.0,-14.0054666,-42.66704098,Eólica
18900.0,-14.26697816,-42.53643261,Eólica
10800.0,-13.9808404,-42.67878101,Eólica
29900.0,-7.72659776,-40.59414549,Eólica
27600.0,-7.74092485,-40.72435222,Eólica
29900.0,-7.68814603,-40.68834449,Eólica
19800.0,-7.78350058,-40.65739443,Eólica
21000.0,-3.27065252,-39.39626156,Eólica
21000.0,-3.2759889,-39.35126683,Eólica
21000.0,-3.26246493,-39.34820176,Eólica
21000.0,-3.22014831,-39.39618159,Eólica
16800.0,-3.24555226,-39.40734982,Eólica
40500.0,-5.2217964,-35.65845803,Eólica
40500.0,-5.20263943,-35.63880775,Eólica
31185.0,-9.76602418,-41.0226698,Eólica
27000.0,-6.47596778,-36.23561053,Eólica
49500.0,-6.47785228,-36.30711377,Eólica
45000.0,-6.51097159,-36.26362505,Eólica
49500.0,-6.54521273,-36.28761743,Eólica
21000.0,-3.23220135,-39.40197103,Eólica
31500.0,0.0,0.0,Eólica
25200.0,0.0,0.0,Eólica
22050.0,0.0,0.0,Eólica
28350.0,0.0,0.0,Eólica
28350.0,0.0,0.0,Eólica
25200.0,0.0,0.0,Eólica
28200.0,-11.09546596,-41.30566977,Eólica
28200.0,-11.09013968,-41.31536498,Eólica
25850.0,-11.04899523,-41.32520275,Eólica
28200.0,-11.05658661,-41.3154866,Eólica
28200.0,-11.0838435,-41.30105957,Eólica
28200.0,-11.06810283,-41.3187875,Eólica
28200.0,-11.07697816,-41.32158685,Eólica
28200.0,-11.09886591,-41.31586717,Eólica
22240.0,-29.99341399,-50.43478213,Eólica
22240.0,-29.99562641,-50.40840481,Eólica
36000.0,-4.72290632,-37.41167587,Eólica
16450.0,-14.45136197,-42.65047171,Eólica
60350.0,-5.25686652,-36.05748678,Eólica
31950.0,-5.22983854,-36.10292811,Eólica
67200.0,-5.49555161,-36.19083761,Eólica
67200.0,-5.45938855,-36.1979454,Eólica
28000.0,-10.00491909,-40.93379381,Eólica
8000.0,-10.06580256,-40.98092913,Eólica
30000.0,-10.02923792,-40.95196878,Eólica
30000.0,-9.98632183,-40.9107399,Eólica
28600.0,-11.98767533,-41.52585741,Eólica
30800.0,-11.97474009,-41.52213627,Eólica
28600.0,-11.98617146,-41.49142514,Eólica
49500.0,-12.13129677,-41.49666159,Eólica
33000.0,-12.1101801,-41.50677639,Eólica
24800.0,-11.19013779,-38.78170522,Eólica
43400.0,-11.32945525,-38.80453795,Eólica
43400.0,-11.42005176,-38.81289148,Eólica
49600.0,-11.22795737,-38.79201033,Eólica
55800.0,-11.25646723,-38.81124798,Eólica
49600.0,-11.28593297,-38.79906981,Eólica
43400.0,-11.2984963,-38.80133353,Eólica
67500.0,-5.91073869,-36.15215729,Eólica
29400.0,-10.38700257,-40.45885143,Eólica
72000.0,-11.07876275,-41.26807907,Eólica
42000.0,-10.28982544,-40.43405344,Eólica
30000.0,-11.76135316,-41.38928707,Eólica
36000.0,-13.70691891,-42.6001183,Eólica
22500.0,-13.6252034,-42.55086718,Eólica
32200.0,-8.71766786,-41.64461214,Eólica
10395.0,-5.41988562,-36.01657181,Eólica
28000.0,-11.62494903,-41.35213098,Eólica
31500.0,-4.11317956,-40.92752744,Eólica
31500.0,-4.10572162,-40.95658525,Eólica
31500.0,-4.12228031,-40.9551489,Eólica
31500.0,-4.12621406,-40.96949397,Eólica
31500.0,-4.11823566,-40.97828976,Eólica
27000.0,-4.10974383,-40.97905219,Eólica
31500.0,-4.11429061,-40.99034595,Eólica
21000.0,-5.32567041,-35.73408378,Eólica
31500.0,-8.51978742,-41.5584356,Eólica
31500.0,-8.54416621,-41.57510205,Eólica
31500.0,-8.57641741,-41.57782474,Eólica
31500.0,-8.60017786,-41.59075085,Eólica
31500.0,-8.46250691,-41.44506055,Eólica
31500.0,-8.48910781,-41.45164661,Eólica
25200.0,-8.53062261,-41.48050816,Eólica
31500.0,-8.56080019,-41.49835305,Eólica
44100.0,-8.59522644,-41.47952853,Eólica
40950.0,-8.63289656,-41.4971093,Eólica
44100.0,-8.66707291,-41.50975809,Eólica
30000.0,-8.76164834,-41.43029546,Eólica
28350.0,-8.7664408,-41.40872371,Eólica
42600.0,-8.70877727,-41.51810084,Eólica
43500.0,-8.72202566,-41.4740739,Eólica
31500.0,-8.73258662,-41.55898802,Eólica
47250.0,-8.71592499,-41.42087958,Eólica
31500.0,-8.73886946,-41.39990177,Eólica
30000.0,-8.74618016,-41.47157169,Eólica
30000.0,-8.7817698,-41.45197534,Eólica
27000.0,-8.80656343,-41.4651122,Eólica
25200.0,-5.32656775,-35.75434684,Eólica
29400.0,-8.0065008,-40.637838,Eólica
29400.0,-7.98953345,-40.58342411,Eólica
29400.0,-8.00310577,-40.61146999,Eólica
29400.0,-8.02137327,-40.61775581,Eólica
29400.0,-7.99566246,-40.63490706,Eólica
29400.0,-8.01732309,-40.65852424,Eólica
29400.0,-8.01210465,-40.63165257,Eólica
39050.0,-5.02068543,-36.99893947,Eólica
28400.0,-5.01268057,-37.03957046,Eólica
24000.0,-2.79980053,-41.7919859,Eólica
33600.0,-10.32267124,-40.43672213,Eólica
33600.0,-10.31053008,-40.44036494,Eólica
37800.0,-10.41098237,-40.46644302,Eólica
42000.0,-10.26507524,-40.43061877,Eólica
42000.0,-10.24309451,-40.42447693,Eólica
42000.0,-10.34475554,-40.4377539,Eólica
42000.0,-10.36782797,-40.44223337,Eólica
72000.0,-11.09936157,-41.2808835,Eólica
72000.0,-11.13073509,-41.2873319,Eólica
72000.0,-11.12647376,-41.30334018,Eólica
22500.0,-5.19891,-35.6915509,Eólica
25200.0,-6.08534294,-36.66725811,Eólica
21000.0,-6.07896351,-36.6740219,Eólica
33000.0,-8.67560311,-41.6344915,Eólica
33000.0,-8.61366153,-41.55139092,Eólica
33000.0,-8.59339129,-41.54198502,Eólica
27000.0,-8.69829316,-41.63572155,Eólica
27000.0,-8.65379009,-41.56536363,Eólica
24000.0,-8.68413507,-41.62373545,Eólica
27000.0,-8.63298242,-41.5607735,Eólica
9000.0,-8.66741477,-41.63080212,Eólica
25000.0,-11.03539473,-42.6321113,Eólica
25000.0,-11.08122843,-42.61800203,Eólica
29700.0,-10.50290276,-41.54008674,Eólica
29700.0,-10.4897835,-41.51154837,Eólica
29700.0,-10.42297013,-41.42850734,Eólica
29700.0,-10.42114796,-41.39572975,Eólica
29700.0,-10.52294314,-41.49361778,Eólica
29700.0,-10.44955113,-41.44806822,Eólica
22500.0,-10.67234882,-41.57045134,Eólica
25000.0,-10.59761022,-41.49465855,Eólica
22500.0,-10.70100472,-41.59507662,Eólica
15000.0,-10.62452756,-41.60279471,Eólica
17500.0,-10.64676367,-41.53336924,Eólica
23100.0,-5.12739658,-35.93260574,Eólica
23100.0,-5.15065565,-35.93235934,Eólica
23100.0,-5.07429023,-36.03068824,Eólica
21000.0,-5.1602019,-35.97969385,Eólica
21000.0,-5.15932638,-35.99349082,Eólica
21000.0,-5.15606381,-35.99936836,Eólica
28000.0,-11.59853886,-41.33942579,Eólica
28000.0,-11.60750442,-41.31574191,Eólica
30000.0,-11.58741408,-41.22852865,Eólica
28000.0,-11.57867591,-41.30342444,Eólica
31500.0,-6.88335057,-36.76373695,Eólica
31500.0,-6.87904067,-36.81843069,Eólica
31500.0,-6.84091341,-36.79106777,Eólica
30800.0,-5.53873532,-35.9957913,Eólica
29900.0,-7.79169967,-40.72803975,Eólica
27600.0,-2.62930729,-42.64726895,Eólica
27600.0,-2.63973716,-42.63690349,Eólica
27600.0,-2.61892231,-42.6575982,Eólica
67500.0,-5.86945397,-36.13757046,Eólica
27600.0,-2.67211973,-42.62004196,Eólica
27600.0,-2.62714204,-42.66387493,Eólica
27600.0,-2.66051867,-42.63217196,Eólica
27600.0,-2.65723996,-42.61482123,Eólica
27600.0,-2.66698333,-42.64231691,Eólica
67100.0,-5.80840386,-36.10233557,Eólica
67500.0,-5.78513058,-36.07259507,Eólica
27300.0,-11.134978,-42.653473,Eólica
31185.0,-5.07540183,-37.04298888,Eólica
28000.0,-2.84144239,-40.06614308,Eólica
96600.0,-31.01897331,-55.81447293,Eólica
18600.0,-5.51854552,-36.22985297,Eólica
31000.0,-5.53973462,-36.22977241,Eólica
12400.0,-5.58480283,-36.23479241,Eólica
37200.0,-5.58327956,-36.21647326,Eólica
55800.0,-5.55684837,-36.19904813,Eólica
24800.0,-5.57524277,-36.19284646,Eólica
37200.0,-5.64742582,-36.24688133,Eólica
6200.0,-5.64422822,-36.24713094,Eólica
43400.0,-5.58836202,-36.26155339,Eólica
16800.0,-6.09755184,-36.62938754,Eólica
31000.0,-5.55201074,-36.25216212,Eólica
31000.0,-5.50754804,-36.21673909,Eólica
58800.0,-5.43984707,-36.22200328,Eólica
46200.0,-6.0916316,-36.64797899,Eólica
37800.0,-6.15498999,-36.62069013,Eólica
46200.0,-6.14863813,-36.62933373,Eólica
46200.0,-11.5583383,-41.30172757,Eólica
42000.0,-11.53059227,-41.32024105,Eólica
42000.0,-11.50797772,-41.29458236,Eólica
46200.0,-11.49919413,-41.29109346,Eólica
46200.0,-11.51693908,-41.28006687,Eólica
25200.0,-11.55902476,-41.33004267,Eólica
46200.0,-11.52612662,-41.33171371,Eólica
27500.0,-5.32464889,-36.16414536,Eólica
27500.0,-5.4494799,-36.134651,Eólica
27500.0,-5.43664151,-36.05605055,Eólica
27500.0,-5.48515922,-36.1118947,Eólica
51300.0,-6.06575929,-36.61828529,Eólica
29700.0,-10.46544666,-41.49346741,Eólica
33600.0,-10.4599988,-41.3931605,Eólica
42000.0,-10.40246351,-41.4935042,Eólica
54600.0,-10.4054121,-41.44864516,Eólica
16800.0,-10.40273666,-41.44636052,Eólica
33600.0,-10.5066865,-41.48676691,Eólica
25200.0,-10.46258579,-41.39403857,Eólica
29700.0,-10.51103117,-41.45451405,Eólica
21000.0,-10.44678334,-41.50083161,Eólica
29700.0,-10.48909122,-41.43445434,Eólica
29700.0,-10.44079793,-41.46759994,Eólica
29400.0,-10.46295351,-41.51405275,Eólica
34650.0,-6.97288508,-36.87927525,Eólica
34650.0,-6.99685254,-36.89395118,Eólica
34650.0,-7.00159723,-36.89827901,Eólica
29700.0,-10.42029019,-41.47863891,Eólica
34650.0,-7.03372829,-36.93548741,Eólica
33600.0,-10.44090202,-41.57230736,Eólica
34650.0,-7.00391417,-36.91308919,Eólica
37800.0,-10.48045063,-41.57687853,Eólica
33600.0,-10.50942356,-41.61168567,Eólica
32000.0,-10.92544883,-42.55331652,Eólica
32000.0,-10.94114345,-42.56103358,Eólica
44800.0,-10.94805524,-42.5294563,Eólica
32000.0,-10.93004437,-42.53707598,Eólica
32000.0,-10.99014879,-42.51652227,Eólica
38400.0,-10.99169933,-42.50064184,Eólica
25200.0,-11.58693056,-41.33895335,Eólica
33600.0,-11.58342408,-41.35679636,Eólica
27300.0,-11.00636025,-41.22712795,Eólica
27500.0,-5.54042048,-36.09026558,Eólica
27500.0,-5.52078605,-36.11588855,Eólica
27500.0,-5.55850394,-36.09301735,Eólica
27500.0,-5.50226791,-36.11483285,Eólica
27300.0,-10.91301565,-41.22142744,Eólica
27300.0,-10.93969473,-41.22889662,Eólica
27300.0,-10.95819775,-41.23343433,Eólica
27300.0,-10.97611855,-41.21994954,Eólica
20000.0,-5.066152,-36.012362,Eólica
40500.0,-14.77098218,-42.5672222,Eólica
45000.0,-14.79798325,-42.57213987,Eólica
40500.0,-14.81988175,-42.5626836,Eólica
45000.0,-14.83093014,-42.58490473,Eólica
32000.0,-10.89804156,-42.5386471,Eólica
32000.0,-10.91153919,-42.54620723,Eólica
32000.0,-10.9562976,-42.56218063,Eólica
32000.0,-10.97171047,-42.56177997,Eólica
44800.0,-10.98737242,-42.56089232,Eólica
32000.0,-10.98612573,-42.53962076,Eólica
32000.0,-10.9711941,-42.5369186,Eólica
32000.0,-10.9761812,-42.51015523,Eólica
28600.0,-12.01548693,-41.49544765,Eólica
49500.0,-12.06263011,-41.48626537,Eólica
67500.0,-5.8458933,-36.11526129,Eólica
24255.0,-5.42633606,-36.02021005,Eólica
29400.0,-5.324612,-36.506188,Eólica
29400.0,-5.361155,-36.472255,Eólica
29400.0,-5.409117,-36.492484,Eólica
16800.0,-5.350388,-36.469319,Eólica
25200.0,-5.31509776,-36.4891822,Eólica
29400.0,-5.35624499,-36.49740094,Eólica
13500.0,-13.64982856,-42.57715616,Eólica
34650.0,-6.88251001,-36.79135867,Eólica
31185.0,-6.97860766,-36.8539324,Eólica
23100.0,-4.73591087,-37.32371765,Eólica
22240.0,-29.98789629,-50.39336699,Eólica
31500.0,-6.43697706,-36.25550535,Eólica
33600.0,-5.91373216,-36.15622061,Eólica
29400.0,-5.85915907,-36.18675162,Eólica
33600.0,-5.82017863,-36.23776074,Eólica
24800.0,-5.57564662,-36.15093641,Eólica
43400.0,-5.59287892,-36.15316183,Eólica
37200.0,-5.56147106,-36.17744564,Eólica
29400.0,-4.76595307,-37.29142969,Eólica
23100.0,-4.78128772,-37.29072472,Eólica
31185.0,-9.805084,-41.022709,Eólica
16500.0,-6.97425004,-36.76179523,Eólica
44000.0,-6.96893795,-36.79316669,Eólica
44000.0,-6.96132887,-36.78588369,Eólica
49500.0,0.0,0.0,Eólica
31185.0,-9.81603,-41.038889,Eólica
31185.0,-9.835541,-41.042697,Eólica
49500.0,-12.08423134,-41.49362596,Eólica
24255.0,-7.04823355,-36.95241118,Eólica
34650.0,-7.02919322,-36.96244829,Eólica
13860.0,-7.05079629,-36.9678921,Eólica
49500.0,-8.0036693,-40.51767513,Eólica
45000.0,-7.99680443,-40.51318664,Eólica
29400.0,-9.96984534,-40.88155455,Eólica
27720.0,-5.43454021,-36.01272337,Eólica
27720.0,-5.45085792,-36.01233626,Eólica
42000.0,0.0,0.0,Eólica
36000.0,0.0,0.0,Eólica
36000.0,0.0,0.0,Eólica
37800.0,-5.09803872,-37.07805103,Eólica
31185.0,-5.12714462,-37.03678143,Eólica
37800.0,-5.09730598,-37.10533935,Eólica
31185.0,-5.10566262,-37.03684692,Eólica
21000.0,-5.17175384,-37.09281853,Eólica
42000.0,-5.10285596,-37.06237382,Eólica
31950.0,-5.10094867,-37.01513946,Eólica
34650.0,-5.12940829,-36.97699026,Eólica
58905.0,-5.23983831,-37.07549486,Eólica
34650.0,-5.10554028,-36.97706526,Eólica
12400.0,-11.35996856,-38.80407728,Eólica
31185.0,-9.78915068,-41.01289439,Eólica
21150.0,-14.41267553,-42.64976084,Eólica
50400.0,-14.1145591,-42.49976533,Eólica
37800.0,-14.07435991,-42.51232761,Eólica
25200.0,-14.07535267,-42.52628322,Eólica
18800.0,-14.41536206,-42.6411244,Eólica
42000.0,-5.15998189,-35.78331742,Eólica
37800.0,-5.14583183,-35.79892999,Eólica
43400.0,-2.71332764,-42.57502853,Eólica
43400.0,-2.7296996,-42.58556937,Eólica
16000.0,-9.54944968,-40.89579893,Eólica
50400.0,-5.16148977,-35.83865975,Eólica
76230.0,-5.17691547,-36.01128274,Eólica
72765.0,-5.18007977,-36.02865094,Eólica
24255.0,-5.15294296,-36.04218228,Eólica
83160.0,-5.12883749,-36.01502637,Eólica
21200.0,-11.1203576,-41.32421958,Eólica
45000.0,-14.79229001,-42.60132273,Eólica
18600.0,-14.76613832,-42.57911366,Eólica
45000.0,-14.81507581,-42.59621515,Eólica
23500.0,-14.40879642,-42.64864637,Eólica
72000.0,-11.13989048,-41.30848805,Eólica
50400.0,-10.44202226,-40.46165762,Eólica
50400.0,-10.42861608,-40.50689139,Eólica
50400.0,-10.47361786,-40.52396426,Eólica
27000.0,-9.26020855,-41.01681339,Eólica
27000.0,-9.28612343,-41.03781829,Eólica
29400.0,-5.61053314,-36.10513381,Eólica
29400.0,-5.63240774,-36.11074351,Eólica
29400.0,-5.65126736,-36.10055786,Eólica
29400.0,-5.67592083,-36.10175167,Eólica
29400.0,-5.67893896,-36.11808882,Eólica
33600.0,-5.68753575,-36.12439588,Eólica
0.16,-10.37972222,-41.61861111,Eólica
0.16,-10.31774325,-41.52614208,Eólica
0.16,-10.37990399,-41.61867627,Eólica
33600.0,-5.87317989,-36.26634909,Eólica
25200.0,-5.9219515,-36.21256889,Eólica
29400.0,-5.33959433,-35.76744884,Eólica
29400.0,-5.32626114,-35.79398736,Eólica
50400.0,0.0,0.0,Eólica
34650.0,-6.87214936,-36.75935513,Eólica
34650.0,-6.84358227,-36.73554929,Eólica
34650.0,-6.9239929,-36.86074776,Eólica
28400.0,-5.25956001,-35.49721423,Eólica
24300.0,-2.70585239,-42.53356868,Eólica
29700.0,-2.70037078,-42.55823494,Eólica
27000.0,-2.68475008,-42.57101163,Eólica
27000.0,-2.66897031,-42.59502381,Eólica
24850.0,-5.24182797,-35.48799262,Eólica
10650.0,-5.2423937,-35.46152414,Eólica
17750.0,-5.22484527,-35.47888283,Eólica
55800.0,-33.14619896,-53.02324839,Eólica
49600.0,-33.14936894,-53.06416501,Eólica
37200.0,-33.18080292,-53.03581863,Eólica
49600.0,-33.17373009,-53.06065062,Eólica
49600.0,-33.2050761,-53.0265975,Eólica
34650.0,-6.87119192,-36.82620039,Eólica
20790.0,-6.88236186,-36.84149027,Eólica
48510.0,-9.75010326,-40.97532638,Eólica
41580.0,-9.67418218,-41.11013771,Eólica
46200.0,-5.48413566,-36.22932255,Eólica
44000.0,-4.11228671,-41.03548829,Eólica
44000.0,-4.13217255,-41.02675062,Eólica
44000.0,-4.14870865,-41.03036751,Eólica
49500.0,-4.16416184,-41.02265396,Eólica
49500.0,-4.19371215,-41.02474685,Eólica
38500.0,-4.16679682,-41.04900856,Eólica
44000.0,-4.18550021,-41.06373499,Eólica
38500.0,-4.18056899,-40.99551872,Eólica
33000.0,-4.19538213,-40.99065738,Eólica
51300.0,-11.38881453,-42.14715142,Eólica
11400.0,-11.37453368,-42.17721284,Eólica
39900.0,-11.40948463,-42.15943416,Eólica
34200.0,-11.45400602,-42.16921949,Eólica
34200.0,-11.48827849,-42.13403787,Eólica
17100.0,-11.38125707,-42.17558097,Eólica
28500.0,-11.46907711,-42.16582734,Eólica
39900.0,-11.54041079,-42.11596769,Eólica
45600.0,-11.50062055,-42.14534355,Eólica
28500.0,-11.44346082,-42.15958093,Eólica
39900.0,-11.42750927,-42.157872,Eólica
45600.0,-11.52087909,-42.14410409,Eólica
22800.0,-11.52678665,-42.11847006,Eólica
42000.0,-11.75447857,-42.52501901,Eólica
42000.0,-11.77353206,-42.51223894,Eólica
42000.0,-11.7658584,-42.52545832,Eólica
42000.0,-11.7797465,-42.53276248,Eólica
42000.0,-11.78962444,-42.51739498,Eólica
42000.0,-11.82157121,-42.51494266,Eólica
42000.0,-11.81211404,-42.54334197,Eólica
42000.0,-11.82887319,-42.5430732,Eólica
42000.0,-11.846466,-42.52957816,Eólica
49500.0,-8.76460033,-41.65753217,Eólica
49500.0,-8.80558762,-41.65038426,Eólica
45600.0,-8.88224726,-41.62250492,Eólica
49500.0,-8.8299357,-41.5907992,Eólica
45600.0,-8.89034953,-41.58322702,Eólica
45600.0,-8.94394314,-41.5717631,Eólica
45600.0,-8.94530296,-41.54512598,Eólica
49500.0,-8.89975679,-41.59113431,Eólica
49500.0,-8.89749129,-41.55546221,Eólica
49500.0,-8.91553608,-41.55755448,Eólica
45600.0,-8.94363645,-41.63940942,Eólica
45600.0,-8.96301864,-41.67644136,Eólica
45600.0,-8.96473975,-41.69953165,Eólica
34200.0,-8.97022672,-41.73056019,Eólica
45600.0,-7.72013455,-40.71532031,Eólica
45600.0,-7.69924853,-40.69932879,Eólica
45600.0,-7.65832663,-40.66889481,Eólica
45600.0,-7.65844388,-40.64783192,Eólica
45600.0,-7.64360159,-40.66542985,Eólica
45600.0,-7.63372384,-40.64519946,Eólica
45600.0,-7.61636092,-40.65996851,Eólica
45600.0,-7.59470395,-40.66974475,Eólica
45600.0,-7.566766,-40.66453549,Eólica
45600.0,-7.51158824,-40.68905915,Eólica
37800.0,-5.13275004,-37.02206593,Eólica
25200.0,-5.14359943,-37.02203246,Eólica
37800.0,-5.13960042,-37.06235333,Eólica
37800.0,-5.16022061,-37.06210762,Eólica
16800.0,-5.17629412,-37.0791934,Eólica
0.16,-10.33009536,-41.43470186,Eólica
36000.0,0.0,0.0,Eólica
44000.0,-6.97312562,-36.8014339,Eólica
44000.0,-7.00880865,-36.78330252,Eólica
63000.0,-5.77803358,-35.96487591,Eólica
63000.0,-5.81939578,-35.92287265,Eólica
63000.0,-5.85045717,-35.94190732,Eólica
63000.0,-5.78306744,-35.90518492,Eólica
63000.0,-5.75917641,-35.88616492,Eólica
67200.0,-5.72690326,-35.90400659,Eólica
63000.0,-5.77094321,-35.92092736,Eólica
31950.0,-5.07600796,-36.99304441,Eólica
31950.0,-5.04913316,-36.99447067,Eólica
31950.0,-5.1293252,-37.00519616,Eólica
50600.0,-8.63503838,-41.60169382,Eólica
27000.0,-2.68088492,-42.60013308,Eólica
35100.0,-2.69809176,-42.58916916,Eólica
35100.0,-2.70176031,-42.57046556,Eólica
33600.0,-5.49238364,-36.25531276,Eólica
46200.0,-5.52282442,-36.276652,Eólica
33600.0,-5.18694166,-37.11320904,Eólica
37800.0,-5.18768642,-37.13565431,Eólica
37800.0,-5.19943932,-37.15358551,Eólica
37800.0,-5.2251487,-37.15468292,Eólica
37800.0,-5.23467252,-37.13422597,Eólica
45045.0,-5.2719718,-37.11385633,Eólica
48510.0,-5.28818687,-37.12987212,Eólica
58905.0,-5.29206609,-37.1540889,Eólica
31800.0,-11.12657611,-41.32641931,Eólica
26500.0,-11.13278547,-41.32862823,Eólica
31800.0,-11.14265824,-41.33155279,Eólica
26500.0,-11.14937021,-41.33303391,Eólica
21200.0,-11.15938659,-41.33606986,Eólica
49500.0,-7.00187406,-36.80013241,Eólica
49500.0,0.0,0.0,Eólica
34800.0,-7.04515918,-36.75352169,Eólica
58800.0,-5.89082297,-35.9608225,Eólica
49500.0,-8.93520298,-41.60447031,Eólica
49500.0,-8.82635907,-41.62693128,Eólica
45600.0,-8.95247792,-41.66989457,Eólica
37800.0,-14.17986019,-42.53302446,Eólica
42000.0,-14.20685148,-42.53267662,Eólica
71400.0,-4.75526588,-37.3362722,Eólica
42000.0,-5.70306158,-36.12869329,Eólica
37800.0,-5.70318237,-36.0649233,Eólica
25200.0,-3.26667793,-39.32987693,Eólica
25200.0,-3.2882447,-39.33275542,Eólica
21000.0,-3.30439568,-39.35214991,Eólica
16800.0,-3.30767441,-39.39025422,Eólica
29400.0,-3.31736248,-39.36953649,Eólica
29400.0,-3.22750815,-39.37286985,Eólica
29400.0,-3.3157228,-39.3243841,Eólica
29400.0,-3.33803974,-39.32940539,Eólica
40500.0,-4.74685349,-37.35408549,Eólica
36000.0,-4.74022421,-37.38828139,Eólica
49500.0,-5.33098618,-36.18913339,Eólica
49500.0,-5.36713408,-36.20381546,Eólica
46400.0,-6.97498691,-36.8344916,Eólica
40600.0,-7.0377647,-36.80484064,Eólica
34800.0,-6.93327505,-36.78877399,Eólica
31500.0,-5.26644182,-35.50749297,Eólica
31500.0,-5.27455453,-35.52617982,Eólica
31500.0,-5.33252491,-35.61013462,Eólica
27000.0,-5.31542271,-35.61953826,Eólica
43400.0,-14.55423323,-42.59810962,Eólica
43400.0,-14.56753846,-42.59784497,Eólica
43400.0,-14.58140101,-42.59818637,Eólica
43400.0,-14.56841014,-42.58074895,Eólica
49600.0,-14.58813178,-42.58417941,Eólica
37200.0,-14.60341854,-42.57812129,Eólica
43400.0,-14.61417244,-42.57579533,Eólica
37200.0,-14.62661581,-42.57347833,Eólica
49500.0,-9.0506143,-41.77281904,Eólica
27500.0,-9.00510111,-41.72744856,Eólica
44000.0,-9.03160148,-41.70058954,Eólica
49500.0,-9.07383623,-41.71480375,Eólica
49500.0,-9.00625484,-41.74846013,Eólica
49500.0,-9.02243418,-41.75000946,Eólica
49500.0,-9.03966164,-41.75274866,Eólica
49500.0,-9.0526502,-41.73639571,Eólica
49500.0,-9.071183,-41.73497261,Eólica
49500.0,-9.09821015,-41.76094014,Eólica
49500.0,-9.05364621,-41.773324,Eólica
49500.0,-9.03645857,-38.0998777,Eólica
49500.0,-9.01668922,-38.074718,Eólica
49500.0,-9.00435109,-41.71769119,Eólica
47700.0,-11.11868285,-41.77255865,Eólica
79800.0,-11.43252238,-42.13742953,Eólica
47300.0,-10.7860708,-41.44222225,Eólica
43000.0,-10.80514852,-41.43627081,Eólica
43000.0,-10.82725136,-41.45113853,Eólica
43000.0,-10.81859762,-41.48688916,Eólica
43000.0,-10.78519203,-41.49349595,Eólica
38700.0,-10.766796,-41.53010862,Eólica
47300.0,-10.75943554,-41.49842884,Eólica
43000.0,-10.75481294,-41.47878916,Eólica
37200.0,0.0,0.0,Eólica
43400.0,0.0,0.0,Eólica
27000.0,-13.6583284,-42.57601608,Eólica
36000.0,-13.68371013,-42.59385791,Eólica
27000.0,-13.64056133,-42.54798357,Eólica
18000.0,-13.67715706,-42.57321782,Eólica
22500.0,-6.7605537,-36.66579856,Eólica
22500.0,-6.71118172,-36.64449016,Eólica
27000.0,-6.71667081,-36.6375384,Eólica
47700.0,-11.09479106,-41.77611974,Eólica
47700.0,-11.06890663,-41.77140312,Eólica
35400.0,-7.03421115,-35.98126568,Eólica
47200.0,-7.04576045,-35.98066127,Eólica
17700.0,-7.03640493,-35.96444238,Eólica
23600.0,-7.02845352,-35.9546531,Eólica
64900.0,-5.76169624,-36.09588017,Eólica
66100.0,-5.79267387,-36.11648002,Eólica
66100.0,-5.8092315,-36.14956856,Eólica
27720.0,-5.09220706,-37.10554365,Eólica
49700.0,-10.18922908,-38.77506982,Eólica
49700.0,-10.14664538,-38.77132041,Eólica
25200.0,-10.46049016,-41.67344939,Eólica
16800.0,-10.41784633,-41.58977996,Eólica
29400.0,-10.4046117,-41.6238699,Eólica
16800.0,-10.43803037,-41.62427756,Eólica
29400.0,-10.45840886,-41.63150504,Eólica
29400.0,-10.47804794,-41.64068111,Eólica
29400.0,-10.5007159,-41.65062389,Eólica
29400.0,-10.52642574,-41.66298669,Eólica
29400.0,-10.50669586,-41.6604985,Eólica
29400.0,-10.50396745,-41.66047514,Eólica
29400.0,-10.48558635,-41.66198857,Eólica
25200.0,-10.46286285,-41.65984104,Eólica
25200.0,-10.4460867,-41.65741618,Eólica
29400.0,-10.41377846,-41.68320844,Eólica
25200.0,-10.43737762,-41.67786108,Eólica
25200.0,-10.44070289,-41.67673946,Eólica
37200.0,0.0,0.0,Eólica
49600.0,0.0,0.0,Eólica
37200.0,0.0,0.0,Eólica
37200.0,0.0,0.0,Eólica
37200.0,0.0,0.0,Eólica
50400.0,0.0,0.0,Eólica
50400.0,0.0,0.0,Eólica
50400.0,0.0,0.0,Eólica
31500.0,-6.80628659,-36.65958293,Eólica
27000.0,-6.73953575,-36.65763537,Eólica
22500.0,-6.78309308,-36.72409572,Eólica
18000.0,-6.78705529,-36.66645778,Eólica
27000.0,-6.78790387,-36.67123713,Eólica
27000.0,-6.72530797,-36.65312607,Eólica
22500.0,-6.75474927,-36.66297996,Eólica
49600.0,-2.8145012,-41.80669738,Eólica
49600.0,-2.78062177,-41.78122974,Eólica
49600.0,-2.80737975,-41.76560161,Eólica
49600.0,-2.8195358,-41.80237782,Eólica
43400.0,-2.83549598,-41.74902371,Eólica
43400.0,-2.84607768,-41.70733751,Eólica
50400.0,-9.13854381,-41.79613357,Eólica
50400.0,-9.12543328,-41.78687682,Eólica
50400.0,-9.10965901,-41.77499125,Eólica
50400.0,-9.0942057,-41.78494391,Eólica
50400.0,-9.16079141,-41.80727201,Eólica
50400.0,-9.17013206,-41.82943849,Eólica
50400.0,-9.18045082,-41.85794152,Eólica
50400.0,-9.21724935,-41.86222878,Eólica
50400.0,-9.23990488,-41.87494207,Eólica
50400.0,-9.21130924,-41.89444075,Eólica
50400.0,-9.21710397,-41.88607745,Eólica
50400.0,-9.23779781,-41.89991256,Eólica
50400.0,-9.26181925,-41.90767525,Eólica
50400.0,-9.24603058,-41.92956865,Eólica
45600.0,-5.73582897,-36.29481595,Eólica
45000.0,-6.40366165,-35.75118992,Eólica
67500.0,-11.06293107,-41.27985095,Eólica
48000.0,-10.17551716,-38.78771444,Eólica
48000.0,-10.21430184,-38.77751745,Eólica
48000.0,-10.12029967,-38.78583399,Eólica
48000.0,-10.14735308,-38.78811642,Eólica
48000.0,-10.20553136,-38.79529091,Eólica
48000.0,-10.17456245,-38.80888597,Eólica
39900.0,-5.60953478,-36.27139432,Eólica
39900.0,-5.62278187,-36.27909872,Eólica
45600.0,-5.64269581,-36.27669683,Eólica
39900.0,-5.77233491,-36.25121966,Eólica
45600.0,-5.66495761,-36.27781948,Eólica
5900.0,-5.67564463,-36.28486864,Eólica
68400.0,-5.82980495,-36.27171209,Eólica
17100.0,-5.68085318,-36.30298521,Eólica
59000.0,-5.69116136,-36.2660144,Eólica
51300.0,-5.6813631,-36.28645658,Eólica
47200.0,-5.72605561,-36.27470794,Eólica
22800.0,-5.88745382,-36.38816285,Eólica
45600.0,-5.71882632,-36.28609107,Eólica
45000.0,-7.98569366,-40.58023453,Eólica
40500.0,-8.04174928,-40.66645224,Eólica
36000.0,-7.9705098,-40.59959604,Eólica
36000.0,-7.99574009,-40.7696588,Eólica
49500.0,-8.04720144,-40.68419168,Eólica
36000.0,-8.03787589,-40.74143904,Eólica
31500.0,-7.98685476,-40.56021048,Eólica
49500.0,-8.03575034,-40.67637922,Eólica
49500.0,-10.77992924,-41.21338827,Eólica
49500.0,-10.7417214,-41.20693885,Eólica
45000.0,-10.70554318,-41.20747111,Eólica
49500.0,-10.66862703,-41.1850732,Eólica
23600.0,-5.89895456,-36.37973386,Eólica
29500.0,-5.87820162,-36.35972446,Eólica
51300.0,-5.81699577,-36.28195175,Eólica
39900.0,-5.79923531,-36.26797974,Eólica
45600.0,-5.75431347,-36.30540177,Eólica
100000.0,-29.06475278,-51.67494167,Hidráulica
1396200.0,-19.86315702,-50.34647804,Hidráulica
330000.0,-19.45714111,-41.09797972,Hidráulica
72000.0,-24.08132336,-47.47732805,Hidráulica
10000.0,0.8584795,-59.2946487,Hidráulica
8780.0,-21.76776268,-46.60781653,Hidráulica
16500.0,-21.76333333,-46.605,Hidráulica
249750.0,-1.91590047,-59.47337201,Hidráulica
143100.0,-22.153333,-48.7525,Hidráulica
40400.0,-24.02318908,-47.35577271,Hidráulica
140760.0,-22.519444,-48.534444,Hidráulica
39000.0,-21.45014185,-42.40463836,Hidráulica
237300.0,-6.75349577,-43.56267317,Hidráulica
15000.0,-26.33001439,-49.09536556,Hidráulica
17000.0,-20.54528268,-42.95918358,Hidráulica
17620.0,-29.31480833,-50.67983611,Hidráulica
21600.0,-20.11755554,-42.3967671,Hidráulica
658000.0,-18.50432743,-49.49021968,Hidráulica
80400.0,-21.57666667,-46.62416667,Hidráulica
7200.0,-20.23865167,-44.75417872,Hidráulica
46000.0,-21.32534753,-44.61588358,Hidráulica
450000.0,-13.40238714,-48.14332931,Hidráulica
44800.0,-29.34664117,-50.70205611,Hidráulica
140000.0,-20.20742219,-42.85499938,Hidráulica
82500.0,-22.94111111,-50.51722222,Hidráulica
643000.0,-22.65468656,-51.35708795,Hidráulica
130000.0,-29.00529866,-51.3844177,Hidráulica
8400.0,-26.645,-49.35694444,Hidráulica
414000.0,-23.12795665,-49.73295944,Hidráulica
78000.0,0.90322114,-51.25985226,Hidráulica
5040.0,-21.01346386,-42.44805612,Hidráulica
375000.0,-17.98786025,-48.53231848,Hidráulica
32000.0,-18.67583333,-51.86555556,Hidráulica
1050000.0,-20.1508584,-47.27979292,Hidráulica
108800.0,-21.603056,-46.949167,Hidráulica
131988.0,-22.69138889,-43.86444444,Hidráulica
1676000.0,-26.00977231,-51.66597303,Hidráulica
29500.0,-23.94131743,-47.19505314,Hidráulica
36400.0,-24.00875028,-47.26445434,Hidráulica
180000.0,-21.14294206,-45.03614405,Hidráulica
1216000.0,-20.66920345,-46.31825382,Hidráulica
14000.0,-20.10388889,-44.84305556,Hidráulica
8920.0,-27.54863068,-49.00626343,Hidráulica
13800.0,-21.03986922,-42.32900336,Hidráulica
260000.0,-25.13833333,-48.87444444,Hidráulica
120000.0,-15.123889,-58.964722,Hidráulica
36000.0,-25.71494042,-48.97296714,Hidráulica
140000.0,-19.70833333,-42.96,Hidráulica
889000.0,-23.86191495,-46.46208827,Hidráulica
131490.0,-21.759167,-48.990556,Hidráulica
210000.0,-19.98907385,-47.7559932,Hidráulica
187169.0,-21.84333333,-42.57944444,Hidráulica
3444000.0,-20.38333333,-51.36653361,Hidráulica
399000.0,-16.73805556,-42.57472222,Hidráulica
1450000.0,-27.27671111,-52.38216111,Hidráulica
7000000.0,-25.40831282,-54.58741668,Hidráulica
1479600.0,-9.14352303,-38.31240468,Hidráulica
462011.0,-15.96564305,-39.59263939,Hidráulica
2082000.0,-18.42361111,-49.11833333,Hidráulica
50000.0,-18.50680113,-52.06955088,Hidráulica
55000.0,-23.61203363,-47.39716291,Hidráulica
52000.0,-21.29211111,-44.62533333,Hidráulica
180000.0,-29.07277778,-53.20805556,Hidráulica
424000.0,-20.02273195,-47.43389241,Hidráulica
121500.0,-15.23555556,-58.72777778,Hidráulica
8400.0,-21.79656083,-43.29685975,Hidráulica
42000.0,-14.74020417,-58.10324806,Hidráulica
42000.0,-14.755685,-58.04621167,Hidráulica
1551200.0,-20.775833,-51.626667,Hidráulica
100956.0,-23.21020543,-49.23040451,Hidráulica
902500.0,-9.75735525,-48.37196007,Hidráulica
32000.0,-21.625278,-47.009444,Hidráulica
1140000.0,-27.52706416,-51.78968313,Hidráulica
210000.0,-14.87117506,-55.78527654,Hidráulica
1440000.0,-20.30295508,-49.19767827,Hidráulica
4000.0,-21.78704914,-43.31050464,Hidráulica
7700.0,-18.81085276,-48.38717444,Hidráulica
198000.0,-19.50048333,-40.91846389,Hidráulica
408000.0,-18.91040777,-48.04090734,Hidráulica
7360.0,-20.78236443,-46.72243018,Hidráulica
7360.0,-20.78236443,-46.72243018,Hidráulica
8200.0,-24.10501667,-52.33005833,Hidráulica
400000.0,-9.35811016,-38.20849092,Hidráulica
25000.0,-20.45688002,-41.47934699,Hidráulica
6468.0,-19.83280985,-41.80073073,Hidráulica
380030.0,-22.68330445,-43.8732751,Hidráulica
347400.0,-21.118889,-50.201111,Hidráulica
510000.0,-19.12958199,-47.69696604,Hidráulica
4080.0,-21.84467144,-43.33947619,Hidráulica
24602.0,-26.64886836,-49.33853806,Hidráulica
31500.0,-23.18769353,-49.38446602,Hidráulica
30000.0,-15.79781389,-47.78395833,Hidráulica
6200.0,-28.28298278,-53.81025306,Hidráulica
226000.0,-27.55318839,-52.74140696,Hidráulica
158000.0,-29.01700012,-53.19004308,Hidráulica
180001.0,-9.39810378,-38.20287244,Hidráulica
476000.0,-20.28626109,-47.06438589,Hidráulica
99900.0,-22.68666667,-43.82361111,Hidráulica
30000.0,-27.45775289,-50.63972378,Hidráulica
9400.0,-19.89353366,-43.36655949,Hidráulica
18012.0,-21.48916667,-43.40222222,Hidráulica
50000.0,-21.88485833,-43.54083611,Hidráulica
70000.0,-23.15423721,-49.37997117,Hidráulica
176100.0,-17.60779146,-54.82731282,Hidráulica
320000.0,-20.124167,-48.571944,Hidráulica
24800.0,-23.20940495,-47.29940616,Hidráulica
1540000.0,-22.47567361,-52.958685,Hidráulica
28400.0,-24.06183613,-47.4163541,Hidráulica
264000.0,-21.296111,-49.783056,Hidráulica
120000.0,-26.65774515,-52.54486182,Hidráulica
105000.0,-16.21072107,-47.32333229,Hidráulica
22000.0,-23.3830933,-47.02960459,Hidráulica
18060.0,-21.62708478,-46.79044079,Hidráulica
4000.0,-17.38821667,-49.21722222,Hidráulica
55000.0,-20.91713546,-41.72192365,Hidráulica
354000.0,-22.6,-52.869444,Hidráulica
78000.0,-19.64622125,-42.85018157,Hidráulica
1240000.0,-25.54305498,-53.49805503,Hidráulica
36870.0,-24.10040253,-47.71986873,Hidráulica
73800.0,-22.90389936,-49.99798631,Hidráulica
1103670.0,-25.53756844,-53.00896732,Hidráulica
1420000.0,-25.62876331,-52.61452548,Hidráulica
29280.0,-26.87972222,-49.11,Hidráulica
216750.0,-8.75098097,-63.45423064,Hidráulica
56050.0,-23.37350015,-45.87151388,Hidráulica
60000.0,-17.89615334,-40.20182371,Hidráulica
1710000.0,-19.01833333,-50.49861111,Hidráulica
1260000.0,-25.79045354,-52.11231046,Hidráulica
1275000.0,-13.83386362,-48.30485761,Hidráulica
24000.0,-24.151944,-47.548056,Hidráulica
1416.0,-20.22738265,-41.99555804,Hidráulica
1050300.0,-9.43023841,-40.82719916,Hidráulica
60000.0,-21.9792544,-43.36307658,Hidráulica
35337.0,-20.08315133,-40.57701158,Hidráulica
525000.0,-22.54366911,-52.00024984,Hidráulica
807500.0,-20.66867696,-51.29977116,Hidráulica
8500.0,-18.71899192,-42.26287429,Hidráulica
8535000.0,-3.83159761,-49.64312078,Hidráulica
380000.0,-20.03326721,-48.22184427,Hidráulica
392950.0,-0.65,-52.51666667,Hidráulica
125000.0,-29.4490883,-53.28500397,Hidráulica
500400.0,-29.26071944,-53.23588333,Hidráulica
6970.0,-20.90705556,-42.66161111,Hidráulica
30000.0,-14.22905584,-39.46204685,Hidráulica
443000.0,-9.39688312,-38.20266305,Hidráulica
794200.0,-9.39605031,-38.20193731,Hidráulica
2462400.0,-9.41564531,-38.20767127,Hidráulica
20007.0,-13.86834951,-40.23575873,Hidráulica
3162000.0,-9.61958018,-37.7925598,Hidráulica
72000.0,-22.93833333,-50.25083333,Hidráulica
396000.0,-18.215,-45.25916666,Hidráulica
550.0,-11.28190644,-37.44681996,Hidráulica
1192000.0,-18.45234934,-47.98477771,Hidráulica
216000.0,-22.52881287,-44.56793131,Hidráulica
87020.0,-23.41,-45.600556,Hidráulica
650.0,-20.81289209,-46.81055515,Hidráulica
42800.0,-2.81805556,-54.29994444,Hidráulica
27600.0,-23.19298222,-46.02131538,Hidráulica
3200.0,-20.80722222,-46.70888889,Hidráulica
112240.0,-19.11590557,-42.66251728,Hidráulica
102000.0,-19.16527776,-42.77504028,Hidráulica
157370.0,-17.09064722,-54.83073611,Hidráulica
880000.0,-27.6041189,-51.32711724,Hidráulica
10650.0,-12.4523775,-45.19069222,Hidráulica
800.0,-10.14968611,-59.45802778,Hidráulica
73500.0,-11.99569161,-60.69684151,Hidráulica
243090.0,-18.78913732,-48.14859863,Hidráulica
211470.0,-18.65915555,-48.43677,Hidráulica
690000.0,-27.78026185,-51.19189954,Hidráulica
12000.0,-13.40603921,-46.3425652,Hidráulica
129200.0,-16.32273448,-48.18748167,Hidráulica
44000.0,-23.06825556,-49.83797778,Hidráulica
130000.0,-29.03083717,-51.52125794,Hidráulica
24960.0,-0.8659369,-59.60498374,Hidráulica
29500.0,-20.675275,-53.56756111,Hidráulica
2408.0,-19.42333333,-43.20083333,Hidráulica
96447.0,-16.78820051,-47.93461949,Hidráulica
498750.0,-12.23546655,-48.38636694,Hidráulica
855000.0,-27.14,-53.04333333,Hidráulica
212580.0,-18.04597521,-47.67489042,Hidráulica
120168.0,-25.70344814,-52.00202223,Hidráulica
120168.0,-25.64561896,-51.95688159,Hidráulica
74000.0,-27.34603944,-52.73162917,Hidráulica
191890.0,-27.13589075,-49.5182639,Hidráulica
160000.0,-12.58353873,-38.9980234,Hidráulica
243200.0,-12.80843539,-48.23817967,Hidráulica
65000.0,-18.53055556,-51.14777778,Hidráulica
90000.0,-18.72172588,-51.00279929,Hidráulica
116000.0,-18.80818105,-51.17098633,Hidráulica
93000.0,-19.1427002,-50.75394483,Hidráulica
48000.0,-20.05975395,-53.18037107,Hidráulica
1087000.0,-6.58909741,-47.46648003,Hidráulica
37042.0,-25.53277778,-51.81555556,Hidráulica
140000.0,-19.02156872,-42.12489562,Hidráulica
52500.0,-17.34555556,-47.48944444,Hidráulica
68400.0,-19.11711153,-50.64569832,Hidráulica
77000.0,-28.14111111,-55.05194444,Hidráulica
83657.0,-18.87941162,-44.77613074,Hidráulica
333700.0,-21.92074371,-42.79314838,Hidráulica
51000.0,-28.17736604,-54.81463675,Hidráulica
261000.0,-10.16333333,-59.46416667,Hidráulica
361000.0,-24.06211584,-50.70715699,Hidráulica
3568000.0,-8.79668531,-63.95218496,Hidráulica
3750000.0,-9.26750812,-64.64614265,Hidráulica
11233100.0,-3.12676409,-51.775,Hidráulica
252000.0,0.85565556,-51.19683333,Hidráulica
191900.0,-27.62472222,-50.98388889,Hidráulica
300000.0,-10.98480528,-55.766005,Hidráulica
1819800.0,-9.35150944,-56.77799361,Hidráulica
350200.0,-25.50333,-53.671666,Hidráulica
141900.0,-27.49777778,-50.80463889,Hidráulica
219000.0,0.85277778,-51.29666667,Hidráulica
45000.0,-10.33861108,-56.98277784,Hidráulica
401880.0,-11.26666667,-55.45,Hidráulica
700000.0,-9.19027541,-57.05222718,Hidráulica
49365.0,-28.9925,-51.47083333,Hidráulica
36018.0,-24.53416662,-50.40638876,Hidráulica
62000.0,-24.68111111,-50.39916667,Hidráulica
49998.0,-12.99863472,-58.95660556,Hidráulica
48400.0,-18.49583333,-51.65444444,Hidráulica
49998.0,-13.40138889,-59.0075,Hidráulica
1400.0,-20.12479858,-43.8702025,Hidráulica
3972.0,-20.131873,-43.876935,Hidráulica
1440.0,-20.13754468,-43.8919262,Hidráulica
14040.0,-11.67563889,-46.66815833,Hidráulica
14040.0,-11.67563889,-46.66815833,Hidráulica
2056.0,-20.76355051,-41.52857403,Hidráulica
800.0,-17.29828698,-53.21880855,Hidráulica
21960.0,-15.04388513,-58.74900747,Hidráulica
1680.0,-14.47829947,-56.39193309,Hidráulica
30000.0,-22.69900289,-47.28417247,Hidráulica
1680.0,-21.48153969,-43.46216245,Hidráulica
10000.0,-23.74974679,-50.90792543,Hidráulica
18000.0,-22.22625007,-43.07815795,Hidráulica
5149.17,-22.15330834,-44.09042778,Hidráulica
6660.0,-13.09805555,-54.8175,Hidráulica
18000.0,-13.32033217,-57.59756342,Hidráulica
4500.0,-20.3999529,-41.26649469,Hidráulica
24000.0,-24.94111111,-51.38416667,Hidráulica
19000.0,-22.00888889,-43.26527778,Hidráulica
10000.0,-13.40539444,-58.59875556,Hidráulica
11120.0,-12.49216462,-60.47203533,Hidráulica
28000.0,-12.79317778,-56.00801389,Hidráulica
18738.0,-28.10777777,-48.95972221,Hidráulica
12420.0,-15.35739424,-55.45369049,Hidráulica
9400.0,-27.815,-50.48055556,Hidráulica
1300.0,-25.49361111,-52.21277778,Hidráulica
9100.0,-29.0206358,-50.73085032,Hidráulica
13915.0,-26.75909444,-52.25811667,Hidráulica
18000.0,-25.82030925,-49.06507044,Hidráulica
1944.0,-20.16553783,-43.89007353,Hidráulica
5600.0,-19.16363889,-43.67133334,Hidráulica
16000.0,-18.55887522,-53.1343861,Hidráulica
3340.0,-28.67176851,-52.72624872,Hidráulica
5040.0,-20.83987576,-47.30215683,Hidráulica
4500.0,-21.07249475,-41.72180252,Hidráulica
8736.0,-20.69552778,-41.082,Hidráulica
9800.0,-29.36527778,-54.50388889,Hidráulica
15800.0,-20.18288989,-42.36562922,Hidráulica
5400.0,-21.48892744,-43.45520215,Hidráulica
3600.0,-28.40091667,-54.31269444,Hidráulica
30000.0,-18.0675,-51.1675,Hidráulica
29064.0,-10.6988284,-47.79391384,Hidráulica
15000.0,-23.74473673,-46.12760367,Hidráulica
1550.0,-23.81364395,-47.67403218,Hidráulica
4840.0,-20.3934075,-40.5726775,Hidráulica
29072.0,-25.57275152,-53.11291009,Hidráulica
17000.0,-22.70277778,-43.88111111,Hidráulica
2880.0,-22.7167292,-47.65158324,Hidráulica
21000.0,-22.13928551,-42.09805831,Hidráulica
1720.0,-15.52247511,-41.51111691,Hidráulica
10685.0,-22.03339237,-43.78258769,Hidráulica
6516.0,-20.12189344,-42.41004794,Hidráulica
7200.0,-22.37979839,-46.90071964,Hidráulica
25000.0,-22.02094028,-43.2994536,Hidráulica
1920.0,-22.18035945,-44.27777722,Hidráulica
23000.0,-19.48611111,-47.54166667,Hidráulica
25000.0,-22.67105423,-43.75560797,Hidráulica
4280.0,-18.63854164,-43.96539932,Hidráulica
30000.0,-28.80639015,-50.61301669,Hidráulica
1224.0,-8.59486233,-35.39068085,Hidráulica
16200.0,-24.7875,-51.43,Hidráulica
10960.0,-24.13328827,-49.6439293,Hidráulica
9000.0,-22.20938888,-43.13830556,Hidráulica
20000.0,-19.7690395,-41.78844727,Hidráulica
3340.0,-22.54765833,-45.36185,Hidráulica
9000.0,-19.85638889,-43.11972222,Hidráulica
30000.0,-21.80673056,-46.13504639,Hidráulica
26270.0,-27.45619171,-48.98390182,Hidráulica
8000.0,-13.33890314,-44.63304689,Hidráulica
8120.0,-15.38114444,-54.41207778,Hidráulica
1800.0,-26.74842778,-52.40763056,Hidráulica
22500.0,-20.06007495,-40.6425863,Hidráulica
9280.0,-20.21333333,-43.73166667,Hidráulica
6500.0,-25.76580251,-52.08843502,Hidráulica
13000.0,-12.9040225,-58.91329083,Hidráulica
5280.0,-11.98543934,-62.17963043,Hidráulica
7500.0,3.8016666,-51.87854834,Hidráulica
2460.0,-20.50666667,-43.98611111,Hidráulica
16319.0,-24.05888889,-50.71083333,Hidráulica
10636.0,-26.69944444,-51.82444444,Hidráulica
25000.0,-12.440829,-45.16555849,Hidráulica
4820.0,-12.52844222,-46.26763358,Hidráulica
16252.0,-9.77861111,-54.98861111,Hidráulica
2880.0,-20.91452778,-42.02694444,Hidráulica
2400.0,-16.29972222,-52.7075,Hidráulica
8200.0,-26.78817726,-52.50361798,Hidráulica
9800.0,-22.19427778,-42.54822222,Hidráulica
30000.0,-22.12215012,-42.30970912,Hidráulica
6820.0,-22.60083336,-45.54748278,Hidráulica
25000.0,-20.50809444,-41.28077778,Hidráulica
8050.0,-20.5815524,-47.78006976,Hidráulica
11500.0,-26.94048528,-51.95301,Hidráulica
3010.0,-15.51648955,-49.48522057,Hidráulica
10800.0,-20.66686929,-47.65398253,Hidráulica
4800.0,-11.95290046,-62.1802435,Hidráulica
19000.0,-22.26035633,-46.71893028,Hidráulica
11800.0,-22.81958316,-46.87777861,Hidráulica
3520.0,-15.36416667,-55.43472222,Hidráulica
1790.0,-14.6337086,-53.91293429,Hidráulica
5180.0,-9.83333333,-55.01611111,Hidráulica
2300.0,-25.01997701,-50.06192442,Hidráulica
7215.0,-21.92650833,-47.36633333,Hidráulica
1360.0,-20.13197203,-43.87790281,Hidráulica
14160.0,-9.63164512,-54.97345991,Hidráulica
9000.0,-20.22768867,-41.99600333,Hidráulica
26000.0,-15.1300515,-58.72976994,Hidráulica
5500.0,-11.4682099,-46.81484366,Hidráulica
6800.0,-22.2762868,-46.76214457,Hidráulica
2135.0,-13.63022904,-59.87250977,Hidráulica
27000.0,-14.45730653,-59.50754194,Hidráulica
28000.0,-15.26111111,-58.72138889,Hidráulica
1118.0,-28.44226581,-54.28925864,Hidráulica
5040.0,-11.73815897,-46.75283298,Hidráulica
1200.0,-15.83877745,-54.38185692,Hidráulica
23000.0,-18.93997553,-42.48621714,Hidráulica
24400.0,-21.30267818,-42.91253128,Hidráulica
18000.0,-16.59156518,-51.80620284,Hidráulica
24300.0,-21.37404851,-42.99378205,Hidráulica
5280.0,-25.99708053,-52.78543397,Hidráulica
7500.0,-19.98666667,-41.71916667,Hidráulica
4500.0,-20.74657479,-41.87479677,Hidráulica
10000.0,-22.49360887,-45.33001027,Hidráulica
21600.0,-19.04122307,-52.99991062,Hidráulica
22500.0,-19.08568196,-42.85258157,Hidráulica
19528.0,-20.9865676,-41.71050548,Hidráulica
11000.0,-19.81299962,-43.26679336,Hidráulica
6080.0,-29.0798476,-52.20962591,Hidráulica
29232.0,-21.47917376,-42.84520996,Hidráulica
12400.0,-21.34503536,-42.97078418,Hidráulica
10000.0,-19.51995924,-42.76667075,Hidráulica
9000.0,-20.04722222,-41.74333333,Hidráulica
3800.0,-22.16218821,-45.27746806,Hidráulica
15000.0,-20.70180059,-42.06403008,Hidráulica
14000.0,-18.94733391,-42.52930741,Hidráulica
7800.0,-21.70288809,-46.57585778,Hidráulica
19500.0,-28.94069116,-51.77335718,Hidráulica
19500.0,-28.96282975,-51.7577345,Hidráulica
22500.0,-28.70592052,-51.85079336,Hidráulica
15120.0,-24.08703923,-52.30024448,Hidráulica
9200.0,-27.5611185,-53.57885681,Hidráulica
2744.0,-20.12467303,-43.86976062,Hidráulica
19800.0,-19.61394663,-41.80344283,Hidráulica
27000.0,-19.43687973,-41.61439138,Hidráulica
10000.0,-20.45293669,-43.27283052,Hidráulica
22700.0,-21.08451487,-42.34371933,Hidráulica
15000.0,-26.76716604,-52.31788827,Hidráulica
3880.0,-21.41289413,-47.33476681,Hidráulica
21000.0,-20.60360012,-40.80552455,Hidráulica
5000.0,-13.54381367,-59.03062251,Hidráulica
13000.0,-9.68907691,-55.1951707,Hidráulica
9000.0,-9.68527778,-55.47527778,Hidráulica
1120.0,-22.71628857,-47.65432895,Hidráulica
6900.0,-11.91025804,-62.18110915,Hidráulica
9000.0,-27.6220915,-53.80382786,Hidráulica
1816.0,-22.11535127,-44.83967248,Hidráulica
5300.0,-11.31111111,-59.22333333,Hidráulica
27000.0,-20.61666667,-41.48333333,Hidráulica
6000.0,-20.36250152,-43.21236919,Hidráulica
11600.0,-14.37103608,-46.32097802,Hidráulica
13000.0,-14.35803916,-46.19796406,Hidráulica
13400.0,-14.3063942,-46.19993359,Hidráulica
2704.0,-23.84180911,-47.65358484,Hidráulica
1300.0,-23.83630621,-47.65994977,Hidráulica
19000.0,-15.28734063,-58.7112276,Hidráulica
2880.0,-19.64922958,-43.69183871,Hidráulica
14335.0,-28.29193136,-53.87742757,Hidráulica
29000.0,-20.69626427,-41.51583919,Hidráulica
24660.0,-13.41219734,-46.36917247,Hidráulica
5940.0,-16.10456602,-55.34513834,Hidráulica
7600.0,-13.54433208,-59.03014799,Hidráulica
28000.0,-25.55193897,-49.85444593,Hidráulica
9000.0,-18.89355002,-42.684975,Hidráulica
22200.0,-27.7886275,-51.34775146,Hidráulica
15000.0,-27.73844542,-51.31343555,Hidráulica
11400.0,-11.69751664,-46.73671071,Hidráulica
14000.0,-11.69161437,-46.70422058,Hidráulica
2800.0,-13.02053791,-60.11199241,Hidráulica
30000.0,-12.51242356,-60.30808474,Hidráulica
30000.0,-16.34268538,-51.43903745,Hidráulica
24000.0,-16.19211806,-47.17349278,Hidráulica
20000.0,-8.74969049,-55.03411908,Hidráulica
20000.0,-18.59989761,-41.8483167,Hidráulica
10000.0,-8.76853632,-54.95176878,Hidráulica
30000.0,-8.74227799,-54.96065681,Hidráulica
26000.0,-16.18638889,-47.02805556,Hidráulica
3500.0,-21.58444444,-46.7475,Hidráulica
28000.0,-28.93654917,-51.46532111,Hidráulica
26000.0,-28.89143806,-51.45587639,Hidráulica
22680.0,-20.49411316,-47.85916975,Hidráulica
12000.0,-19.03819044,-42.92378827,Hidráulica
17000.0,-18.78833333,-52.37527778,Hidráulica
16000.0,-20.43816667,-47.888,Hidráulica
5500.0,-26.49361111,-50.78638889,Hidráulica
5500.0,-26.49361111,-50.78638889,Hidráulica
14000.0,-24.73305556,-53.89277778,Hidráulica
21000.0,-27.01222222,-52.42722222,Hidráulica
9000.0,-19.00238333,-42.94662778,Hidráulica
30000.0,-22.032955,-43.1544345,Hidráulica
30000.0,-19.33539286,-52.67212619,Hidráulica
16000.0,-26.9579029,-52.34046413,Hidráulica
13000.0,-27.05868486,-52.47056619,Hidráulica
18000.0,-18.81972222,-52.1775,Hidráulica
14000.0,-9.68361303,-54.96333382,Hidráulica
30000.0,-10.16472433,-59.45695553,Hidráulica
14000.0,-19.06808197,-42.8899612,Hidráulica
23000.0,-25.00056125,-48.6227515,Hidráulica
9990.0,-15.13377722,-48.01710833,Hidráulica
15500.0,-25.65711944,-51.44473889,Hidráulica
30000.0,-13.02263889,-58.18691667,Hidráulica
2547.0,-21.91260408,-41.95699668,Hidráulica
16500.0,-20.54777778,-47.81361111,Hidráulica
30000.0,-26.57777778,-52.49611111,Hidráulica
15000.0,-26.77359457,-49.43288228,Hidráulica
27000.0,-18.14356054,-48.27040066,Hidráulica
20000.0,-21.1075,-41.7275,Hidráulica
19000.0,-21.19861111,-41.37638889,Hidráulica
18000.0,-15.73945,-55.52958889,Hidráulica
21690.0,-18.68833333,-49.00916667,Hidráulica
29000.0,-19.24583753,-52.88109236,Hidráulica
22302.0,-13.31742778,-59.03401667,Hidráulica
15400.0,-13.07416667,-58.97538889,Hidráulica
30000.0,-12.84858623,-58.92609167,Hidráulica
16000.0,-13.26555556,-59.01944444,Hidráulica
26118.0,-13.22383333,-59.02680556,Hidráulica
4000.0,-21.93805556,-46.81583333,Hidráulica
29988.0,-16.21759738,-54.94444043,Hidráulica
3000.0,-21.8742482,-46.88661033,Hidráulica
12000.0,-14.68821614,-46.29921973,Hidráulica
6700.0,-26.66279657,-53.65576645,Hidráulica
29020.0,-13.85209361,-53.25631111,Hidráulica
30000.0,-17.94472502,-51.72623309,Hidráulica
20160.0,-13.19799722,-58.98381111,Hidráulica
17000.0,-13.36997222,-59.01263889,Hidráulica
6000.0,-16.00333333,-55.11527778,Hidráulica
25700.0,-11.90441956,-61.23528358,Hidráulica
19100.0,-17.59509393,-40.98612175,Hidráulica
30000.0,-28.96666667,-51.91666666,Hidráulica
6700.0,-28.01277778,-49.12305556,Hidráulica
24435.0,-16.71296697,-54.74837024,Hidráulica
26600.0,-16.66701393,-54.73557501,Hidráulica
3600.0,-11.93119816,-62.1039705,Hidráulica
16500.0,-26.78840918,-53.39435567,Hidráulica
22000.0,-16.30455973,-55.06001624,Hidráulica
29300.0,-13.39055447,-57.6226972,Hidráulica
14000.0,-24.6946469,-51.51929144,Hidráulica
1907.0,-26.75744457,-49.45420858,Hidráulica
1172.0,-20.06113597,-44.60718386,Hidráulica
16750.0,-27.57544787,-53.78912279,Hidráulica
16000.0,-27.63746984,-51.48984637,Hidráulica
11840.3,-27.54462521,-53.80689198,Hidráulica
14758.0,-14.39177653,-56.82852653,Hidráulica
1440.0,-26.79402778,-52.13566667,Hidráulica
30000.0,-20.32814736,-40.63685032,Hidráulica
6000.0,-19.53593671,-42.12563117,Hidráulica
19000.0,-28.792511,-50.56539253,Hidráulica
28030.0,-19.47398598,-52.54145075,Hidráulica
24000.0,-17.53774875,-54.43256581,Hidráulica
16000.0,-17.07239897,-40.10602245,Hidráulica
29500.0,-26.09317222,-51.87782778,Hidráulica
14800.0,-17.07479781,-40.06934674,Hidráulica
24165.0,-28.89601362,-50.81195024,Hidráulica
23949.0,-28.96438521,-50.79897485,Hidráulica
11000.0,-17.07542102,-40.08555722,Hidráulica
13000.0,-19.41027778,-54.49305556,Hidráulica
13300.0,-16.09009727,-55.07349724,Hidráulica
13050.0,-16.09635278,-55.04336944,Hidráulica
10800.0,-13.37388889,-59.14194444,Hidráulica
21000.0,-27.03722222,-49.57083333,Hidráulica
25600.0,-12.15250833,-46.81766111,Hidráulica
9300.0,-11.95046111,-46.7555425,Hidráulica
30000.0,-11.81416667,-46.78305556,Hidráulica
16000.0,-11.89098902,-46.77004967,Hidráulica
24000.0,-28.75277778,-51.84388889,Hidráulica
21000.0,-18.06188595,-48.20986719,Hidráulica
16000.0,-28.77472222,-51.84305556,Hidráulica
27435.0,-24.91888889,-51.40863889,Hidráulica
24000.0,-28.82823578,-51.84216092,Hidráulica
25000.0,-26.70333333,-51.91861111,Hidráulica
2200.0,-29.03632861,-51.09440194,Hidráulica
30000.0,-22.56798023,-44.86335879,Hidráulica
30000.0,-22.5437643,-44.79597647,Hidráulica
13774.0,-18.73611111,-52.29638889,Hidráulica
30000.0,-16.44150845,-51.39965576,Hidráulica
6000.0,-26.46222222,-53.31583333,Hidráulica
6990.0,-28.12432582,-49.13324852,Hidráulica
15150.0,-28.08106926,-49.14872911,Hidráulica
19410.0,-15.39260834,-58.63775833,Hidráulica
14680.0,-27.11055556,-52.48055556,Hidráulica
5800.0,-26.67613949,-51.75311256,Hidráulica
5600.0,-26.67492972,-51.71578472,Hidráulica
19856.59,-24.74790184,-52.46849337,Hidráulica
30000.0,-12.53025289,-57.88083913,Hidráulica
18000.0,-23.45444444,-46.90972222,Hidráulica
9000.0,-26.05319447,-52.18021682,Hidráulica
29000.0,-20.35305555,-42.92055556,Hidráulica
17870.0,-29.12221595,-53.36617744,Hidráulica
13000.0,-29.12850705,-53.3198459,Hidráulica
4080.0,-14.73111111,-58.12,Hidráulica
7480.0,-14.70638889,-58.11055556,Hidráulica
19000.0,-19.97666667,-53.27166667,Hidráulica
28000.0,-19.87444444,-53.36861111,Hidráulica
9400.0,-27.72758334,-50.56494446,Hidráulica
19000.0,-27.71720324,-50.65747135,Hidráulica
27400.0,-14.79298611,-57.9672,Hidráulica
9600.0,-12.70444444,-60.88472222,Hidráulica
28000.0,-14.83005567,-57.91158358,Hidráulica
12000.0,-23.85333333,-49.95777778,Hidráulica
14000.0,-21.99625,-42.11713889,Hidráulica
17010.0,-10.23041667,-63.23375,Hidráulica
20000.0,-9.93694444,-63.07638889,Hidráulica
17000.0,-10.02027778,-63.06027777,Hidráulica
10000.0,-22.70297222,-52.05253889,Hidráulica
3000.0,-27.50271357,-52.81149499,Hidráulica
9594.0,-22.77880556,-44.21355556,Hidráulica
21000.0,-12.23069445,-61.08402778,Hidráulica
2250.0,-26.89958333,-53.02958333,Hidráulica
29810.0,-25.80694445,-52.89861114,Hidráulica
19000.0,-18.6810268,-48.49965745,Hidráulica
29328.0,-16.53527778,-51.48027778,Hidráulica
28500.0,-26.61116111,-52.53423611,Hidráulica
30000.0,-13.67598255,-47.35767738,Hidráulica
16000.0,-16.48111111,-51.41694444,Hidráulica
6500.0,-8.51805556,-35.48861111,Hidráulica
30000.0,-11.98846389,-61.20632222,Hidráulica
4200.0,-22.986425,-51.824375,Hidráulica
4680.0,-27.31669417,-49.07338281,Hidráulica
25024.0,-23.39133297,-46.99499234,Hidráulica
13700.0,-27.77083333,-51.33333333,Hidráulica
10000.0,-21.89904038,-42.04872522,Hidráulica
13200.0,-21.93718909,-42.09001795,Hidráulica
8000.0,-22.13944931,-42.35205657,Hidráulica
30000.0,-10.35491139,-56.98567139,Hidráulica
27000.0,-10.33084724,-56.981663,Hidráulica
1400.0,-11.99555556,-62.17138889,Hidráulica
6304.0,-27.49833333,-49.03527778,Hidráulica
11155.0,-22.79096111,-44.23925,Hidráulica
2400.0,-13.77909167,-59.77213056,Hidráulica
8000.0,-27.28122028,-52.79472556,Hidráulica
8806.0,-27.44122222,-53.56116667,Hidráulica
20000.0,-19.28277777,-52.39777778,Hidráulica
12500.0,-19.2,-52.35333333,Hidráulica
27000.0,-26.88333333,-49.20361111,Hidráulica
10000.0,-26.44852104,-50.98864732,Hidráulica
24000.0,-26.66180833,-49.33256389,Hidráulica
2880.0,-20.77501748,-44.69597407,Hidráulica
4000.0,-26.75888889,-52.38544167,Hidráulica
10500.0,-14.33293915,-57.61612676,Hidráulica
13403.0,-13.85916667,-59.4325,Hidráulica
10307.0,-13.81472222,-59.44944444,Hidráulica
6075.0,-26.97944444,-52.37944444,Hidráulica
3800.0,-20.83416667,-41.1225,Hidráulica
30000.0,-18.73095833,-51.79836667,Hidráulica
7020.0,-29.05222222,-52.21861111,Hidráulica
12060.0,-13.39527777,-46.39027778,Hidráulica
29025.0,-28.79184163,-50.74647603,Hidráulica
20000.0,-27.10361111,-51.28222222,Hidráulica
2890.0,-26.75696434,-49.45360164,Hidráulica
8700.0,-26.71083333,-53.39166667,Hidráulica
9600.0,-26.68247521,-52.04556137,Hidráulica
12060.0,-26.54861111,-52.35583334,Hidráulica
5760.0,-14.6112787,-57.74497479,Hidráulica
16000.0,-26.49833333,-50.75722223,Hidráulica
19008.0,-25.48805556,-52.21555556,Hidráulica
5982.0,-28.31211971,-53.89604074,Hidráulica
9900.0,-27.39955284,-49.03250893,Hidráulica
5751.0,-8.65333333,-35.21833333,Hidráulica
12000.0,-11.92638056,-62.14624722,Hidráulica
5600.0,-26.67861111,-51.78055556,Hidráulica
8000.0,-21.315,-42.945,Hidráulica
14000.0,-22.18986383,-42.89174642,Hidráulica
25406.91,-27.53527778,-53.12916667,Hidráulica
17801.04,-27.49999997,-53.155,Hidráulica
21800.0,-13.35553086,-57.61386682,Hidráulica
2000.0,-27.585,-49.0075,Hidráulica
10500.0,-28.61465278,-51.40290556,Hidráulica
3700.0,-24.41916667,-54.02777778,Hidráulica
9000.0,-28.56078889,-51.40699722,Hidráulica
9800.0,-28.5591,-51.3109,Hidráulica
5335.0,-17.75593065,-44.4733197,Hidráulica
30000.0,-17.65393059,-50.4769139,Hidráulica
19499.0,-28.29238889,-50.65824722,Hidráulica
5500.0,-28.27048155,-50.82989407,Hidráulica
9750.0,-29.4489,-54.09225,Hidráulica
16227.0,-29.41888889,-54.04916667,Hidráulica
22360.0,-29.364085,-54.01353778,Hidráulica
29250.0,-18.17305556,-43.975,Hidráulica
14000.0,-13.60361111,-56.20027778,Hidráulica
12199.0,-29.41166666,-54.00000002,Hidráulica
7000.0,-12.271225,-61.1875,Hidráulica
6500.0,-26.5777777,-53.43361112,Hidráulica
10500.0,-22.87413056,-49.21534167,Hidráulica
6790.0,-22.84502778,-49.15656111,Hidráulica
30000.0,-18.36289722,-43.95995556,Hidráulica
9260.0,-27.01417401,-50.16142278,Hidráulica
6000.0,-11.7100524,-46.7503284,Hidráulica
25000.0,-28.79569538,-50.72966788,Hidráulica
30000.0,-17.72775378,-50.45193136,Hidráulica
4000.0,-16.43993769,-55.30283397,Hidráulica
8838.0,-19.05763754,-52.53207407,Hidráulica
5600.0,-28.20066018,-50.17076105,Hidráulica
12000.0,-28.01804444,-50.74593333,Hidráulica
16500.0,-17.97109409,-51.76238376,Hidráulica
22600.0,-27.45999999,-50.51972218,Hidráulica
21595.0,-17.26753739,-50.8387057,Hidráulica
10000.0,-28.421075,-54.29803889,Hidráulica
3570.0,-27.2995765,-51.55272347,Hidráulica
28000.0,-19.52980278,-52.51814444,Hidráulica
8480.0,-26.30963889,-49.24659444,Hidráulica
5700.0,-26.35243056,-49.3231,Hidráulica
10000.0,-25.98105857,-52.2169721,Hidráulica
4000.0,-24.73739722,-50.11882222,Hidráulica
4600.0,-26.85333333,-52.90027778,Hidráulica
10000.0,-11.98087778,-46.64203056,Hidráulica
5100.0,-26.68361944,-53.27920833,Hidráulica
22138.7,-26.68431389,-52.17900556,Hidráulica
7500.0,-26.57572222,-52.29081944,Hidráulica
6400.0,-29.15598889,-52.18705833,Hidráulica
9965.0,-27.12,-51.40666667,Hidráulica
2680.0,-22.29887915,-43.17713056,Hidráulica
6000.0,-26.66072221,-52.21994999,Hidráulica
4320.0,-26.77222222,-52.03388889,Hidráulica
20880.0,-17.93138889,-53.38138889,Hidráulica
29900.0,-21.60858952,-45.46114825,Hidráulica
5600.0,-26.78379152,-49.41685381,Hidráulica
5100.0,-26.72277778,-53.34333333,Hidráulica
19500.0,-26.285,-52.29777778,Hidráulica
15199.0,-27.3029139,-51.57290835,Hidráulica
5750.0,-28.52590268,-50.4076888,Hidráulica
10000.0,-24.76786111,-52.59405556,Hidráulica
18000.0,-19.54527778,-52.50527778,Hidráulica
10980.0,-13.34623665,-39.10319242,Hidráulica
5200.0,-16.45171944,-55.31655556,Hidráulica
13050.0,-26.56944444,-52.3025,Hidráulica
30000.0,-25.17666667,-50.94027778,Hidráulica
7100.0,-14.61933871,-53.93308409,Hidráulica
25300.0,-26.766175,-52.49431389,Hidráulica
13000.0,-27.61436111,-51.74988889,Hidráulica
9990.0,-26.67631667,-52.09606556,Hidráulica
5600.0,-26.03923333,-52.93275833,Hidráulica
5200.0,-25.31080556,-51.96759722,Hidráulica
6000.0,-25.42508314,-52.08694451,Hidráulica
8400.0,-24.72185,-50.13437778,Hidráulica
5200.0,-14.59916142,-58.20950589,Hidráulica
8000.0,-11.54209722,-46.98921111,Hidráulica
24000.0,-12.75140278,-56.03242234,Hidráulica
24000.0,-27.42767481,-51.78823681,Hidráulica
14000.0,-15.20591109,-59.01251098,Hidráulica
3300.0,-26.69288889,-52.90080556,Hidráulica
9110.0,-14.42050002,-57.81874908,Hidráulica
24000.0,-18.611,-51.42021389,Hidráulica
25000.0,-13.385625,-59.39235833,Hidráulica
8000.0,-24.97527778,-49.59555556,Hidráulica
18150.0,-24.09708333,-49.62091667,Hidráulica
9900.0,-24.07222218,-49.62416669,Hidráulica
4700.0,-5.66907496,-36.88048055,Hidráulica
6300.0,-24.75833333,-49.33534722,Hidráulica
17001.0,-12.55288889,-45.09498056,Hidráulica
12000.0,-16.48126951,-47.77584156,Hidráulica
14000.0,-16.6457274,-47.83224487,Hidráulica
15800.0,-16.78505556,-47.88510833,Hidráulica
4500.0,-26.75725917,-52.90779444,Hidráulica
7000.0,-25.0470898,-50.98803181,Hidráulica
15000.0,-24.30348323,-51.34742901,Hidráulica
8500.0,-26.95456667,-52.30098889,Hidráulica
13000.0,-24.48280278,-50.38223611,Hidráulica
10500.0,-19.96527778,-41.07611111,Hidráulica
20000.0,-13.605,-57.42444444,Hidráulica
9850.0,-24.63757778,-53.10264167,Hidráulica
5500.0,-11.963575,-46.52023056,Hidráulica
5700.0,-25.12958333,-53.399175,Hidráulica
10000.0,-25.46353694,-51.66077917,Hidráulica
10000.0,-27.13566111,-49.53164722,Hidráulica
15000.0,-13.62703082,-57.39871763,Hidráulica
10000.0,-26.87305556,-53.40444444,Hidráulica
11825.0,-28.597975,-51.39916111,Hidráulica
22500.0,-26.78150833,-49.40038333,Hidráulica
12000.0,-18.13250278,-47.63995278,Hidráulica
29000.0,-26.50861111,-50.78388889,Hidráulica
9750.0,-26.80697842,-49.35564587,Hidráulica
5100.0,-28.54926389,-49.99356944,Hidráulica
7200.0,-28.52296722,-49.98962639,Hidráulica
7300.0,-28.56999721,-51.40669166,Hidráulica
5940.0,-25.13823056,-49.57575825,Hidráulica
9500.0,-28.53210833,-50.24061667,Hidráulica
7270.0,-28.49972222,-50.277525,Hidráulica
7000.0,-14.89435389,-58.87204871,Hidráulica
11700.0,-26.30218323,-49.152886,Hidráulica
24000.0,-17.25988333,-50.81490278,Hidráulica
9000.0,-28.63730408,-51.39736563,Hidráulica
24000.0,-27.53230833,-51.42337778,Hidráulica
9000.0,-27.09194444,-51.3525,Hidráulica
7300.0,-22.61705556,-51.99680556,Hidráulica
18000.0,-26.03795,-52.17636111,Hidráulica
5500.0,-26.00543889,-52.18349722,Hidráulica
6600.0,-25.52338333,-51.78334444,Hidráulica
9900.0,-25.15706944,-49.55992222,Hidráulica
14200.0,-25.11859181,-52.38657496,Hidráulica
24001.0,-26.91722222,-52.85583333,Hidráulica
6000.0,-23.71677778,-52.52888889,Hidráulica
17393.0,-27.35787591,-51.68887117,Hidráulica
5600.0,-26.51833214,-53.40694682,Hidráulica
22000.0,-18.98555556,-53.16888889,Hidráulica
29800.0,-18.524675,-51.55011389,Hidráulica
11500.0,-28.17092847,-50.183066,Hidráulica
10500.0,-28.14535137,-50.11220837,Hidráulica
27270.0,-28.61175556,-51.34347778,Hidráulica
30000.0,-26.24328333,-52.42580556,Hidráulica
7900.0,-28.37049167,-53.87901972,Hidráulica
17000.0,-27.35093889,-51.64692222,Hidráulica
6500.0,-16.1825,-55.015,Hidráulica
6500.0,-25.47907222,-52.19264167,Hidráulica
28000.0,-13.79642222,-56.69989444,Hidráulica
13300.0,-13.85581111,-56.68726111,Hidráulica
23600.0,-28.35134482,-54.00595704,Hidráulica
5200.0,-28.65585278,-52.70406944,Hidráulica
10100.0,-28.59027768,-52.58166652,Hidráulica
5700.0,-26.94483611,-52.26243611,Hidráulica
16000.0,-27.39393333,-51.76426944,Hidráulica
6000.0,-27.5896675,-53.58187556,Hidráulica
10000.0,-18.42523611,-52.93333333,Hidráulica
8000.0,-25.61612778,-53.08185556,Hidráulica
7500.0,-27.63027778,-51.73861111,Hidráulica
5280.0,-27.03633609,-50.12827501,Hidráulica
10000.0,-16.26254167,-55.45503056,Hidráulica
21000.0,-24.93618889,-51.42960278,Hidráulica
6000.0,-26.09132778,-52.95588889,Hidráulica
9600.0,-27.27155405,-51.54806029,Hidráulica
5670.0,-26.06066667,-52.92441667,Hidráulica
30000.0,-18.40305556,-51.22333333,Hidráulica
9500.0,-9.80388889,-54.88611111,Hidráulica
9500.0,-9.54047778,-54.73200556,Hidráulica
6400.0,-28.09187222,-50.05566389,Hidráulica
10000.0,-28.10671667,-49.87553889,Hidráulica
8000.0,-23.97194444,-52.94777778,Hidráulica
19000.0,-14.94528611,-59.10988889,Hidráulica
6000.0,-26.99805556,-50.68666667,Hidráulica
8850.0,-8.38972222,-35.445,Hidráulica
720.0,-27.823775,-52.06999722,Hidráulica
1460.0,-26.77166667,-52.1875,Hidráulica
1900.0,-14.86277778,-53.29166667,Hidráulica
5000.0,-11.93194444,-62.0425,Hidráulica
2740.0,-26.78082975,-49.39666915,Hidráulica
360.0,-16.72138408,-53.58803006,Hidráulica
2056.0,-20.81871261,-45.06023334,Hidráulica
1000.0,-24.48338607,-49.06499596,Hidráulica
2600.0,-12.89109775,-56.13920028,Hidráulica
800.0,-28.05537474,-51.92099721,Hidráulica
480.0,-11.37138889,-47.57555556,Hidráulica
1320.0,-22.005,-44.40611111,Hidráulica
960.0,-17.44916667,-47.34888889,Hidráulica
552.0,-26.38638889,-49.66916667,Hidráulica
358.4,-19.82169389,-42.31867944,Hidráulica
720.0,-21.78193056,-46.63155278,Hidráulica
2900.0,-20.454008,-43.00609274,Hidráulica
625.6,-19.99395878,-44.69174997,Hidráulica
3240.0,-27.89166667,-54.10305556,Hidráulica
800.0,-20.21472222,-47.70555556,Hidráulica
4420.0,-20.49500741,-43.48276533,Hidráulica
302.4,-20.27680207,-41.96356798,Hidráulica
900.0,-19.04583333,-40.53805556,Hidráulica
472.5,-9.31333333,-35.66027778,Hidráulica
240.0,-19.47333333,-40.61111111,Hidráulica
3757.5,-20.47727223,-43.44662222,Hidráulica
675.0,-15.87972222,-53.58138889,Hidráulica
4050.0,-14.34620934,-56.79490053,Hidráulica
74.82,-26.24008056,-52.4229,Hidráulica
824.0,-25.60739362,-51.92390568,Hidráulica
3200.0,-28.35102048,-52.21423653,Hidráulica
4194.4,-21.05555555,-44.20944445,Hidráulica
1472.0,-19.80694444,-44.78444444,Hidráulica
512.0,-28.40305556,-53.81,Hidráulica
895.0,-28.565825,-53.25166667,Hidráulica
1500.0,-19.97222222,-44.60388889,Hidráulica
2592.0,-21.88795691,-48.14748976,Hidráulica
686.0,-22.53305555,-43.03916666,Hidráulica
1980.0,-25.98557577,-52.747351,Hidráulica
1120.0,-28.62942553,-52.93563052,Hidráulica
800.0,-14.60255744,-59.41670657,Hidráulica
4500.0,-17.61889751,-54.88834736,Hidráulica
1700.0,-22.48054828,-47.59218213,Hidráulica
1.69,-22.7400745,-46.93738473,Hidráulica
3700.0,-28.55580845,-52.54556136,Hidráulica
1750.0,0.0,0.0,Hidráulica
4800.0,-22.21861111,-43.16555556,Hidráulica
1196.0,-28.93772056,-52.48592889,Hidráulica
2788.0,-10.16499722,-59.45237778,Hidráulica
154.0,-14.46528816,-59.49471139,Hidráulica
450.0,-12.88389267,-45.77273836,Hidráulica
680.0,-22.19063839,-43.67930496,Hidráulica
1100.0,-27.66628611,-51.74795556,Hidráulica
4860.0,-21.84694444,-48.48944444,Hidráulica
200.0,-26.83701854,-51.01761553,Hidráulica
667.2,-28.90709654,-51.94670265,Hidráulica
1760.0,-27.7652738,-53.55775721,Hidráulica
300.0,-22.32912363,-42.51666738,Hidráulica
1500.0,-29.50102325,-51.00248197,Hidráulica
403.2,-27.46321379,-51.64066041,Hidráulica
2560.0,-21.27253394,-43.88293166,Hidráulica
3200.0,-18.92888889,-52.68611111,Hidráulica
3168.0,-22.7275131,-45.45211587,Hidráulica
4040.0,-21.2993535,-43.20857571,Hidráulica
720.0,-29.12672022,-53.35493738,Hidráulica
2600.0,-27.54112707,-51.44024806,Hidráulica
576.0,-22.25870389,-46.67596056,Hidráulica
2640.0,-24.16864155,-49.49150369,Hidráulica
1569.99,-19.63946177,-45.10903684,Hidráulica
4.4,-23.96258509,-47.390232,Hidráulica
3193.6,-17.28,-47.52416667,Hidráulica
1932.0,-6.78194444,-48.15083333,Hidráulica
720.0,-22.246944,-51.170833,Hidráulica
332.5,-23.98113719,-47.93997265,Hidráulica
1344.0,-27.31473645,-51.47770505,Hidráulica
1680.0,-22.52694444,-48.64861111,Hidráulica
1610.0,-22.36944444,-45.34944444,Hidráulica
2500.2,-12.84516383,-60.32204556,Hidráulica
395.25,-13.69216512,-59.83348491,Hidráulica
2032.0,-19.89972222,-43.87444444,Hidráulica
2880.0,-28.10295278,-53.01492778,Hidráulica
416.0,-20.28653415,-42.33531062,Hidráulica
640.0,-21.47576463,-42.84515256,Hidráulica
850.0,-13.63482736,-59.06484146,Hidráulica
998.0,-24.53519306,-53.204295,Hidráulica
736.0,-21.19367812,-42.56753918,Hidráulica
600.0,-22.02279568,-47.91457804,Hidráulica
680.0,-20.67982119,-45.3636267,Hidráulica
4800.0,-25.42416667,-48.92111111,Hidráulica
190.0,-19.22573667,-50.58554639,Hidráulica
1218.75,-24.28183806,-49.69506108,Hidráulica
5000.0,-19.263892,-43.6061419,Hidráulica
1200.0,-24.88918417,-49.59155889,Hidráulica
1840.0,-27.59652778,-49.74011111,Hidráulica
1344.0,-22.88166667,-50.33083333,Hidráulica
1100.0,-29.27006111,-50.75462778,Hidráulica
1000.0,-20.19552701,-42.8566735,Hidráulica
1270.0,-29.58405755,-51.11729688,Hidráulica
800.0,-18.68706371,-48.09670223,Hidráulica
416.5,-23.88487899,-47.36506798,Hidráulica
670.35,-21.12874184,-47.04093091,Hidráulica
780.0,-26.295,-49.00138889,Hidráulica
865.55,-25.03483715,-50.1274513,Hidráulica
352.0,-20.56721735,-45.3883504,Hidráulica
2600.0,-21.95167443,-50.92912507,Hidráulica
680.0,-18.49061111,-46.92766667,Hidráulica
1200.0,-22.66029788,-47.27800741,Hidráulica
3000.0,-12.45221499,-45.19038176,Hidráulica
760.0,-28.20204633,-53.44065118,Hidráulica
975.0,-28.3972546,-53.45851377,Hidráulica
880.0,-27.13916667,-50.54305556,Hidráulica
1710.0,-27.20743719,-51.51117224,Hidráulica
93.5,-26.46583333,-51.25444444,Hidráulica
980.0,-22.95805556,-48.97833333,Hidráulica
740.0,-28.24898989,-53.56136249,Hidráulica
5000.0,-27.12360174,-52.76629123,Hidráulica
2560.0,-12.89964194,-60.19707194,Hidráulica
768.0,-20.2185041,-41.99466932,Hidráulica
712.4,-13.634244,-54.67780933,Hidráulica
1000.0,-23.56333333,-45.83638889,Hidráulica
800.0,-28.61921269,-51.35502379,Hidráulica
828.0,-26.06854248,-52.58979494,Hidráulica
4000.0,0.0,0.0,Hidráulica
220.0,-25.54948009,-49.82001785,Hidráulica
2800.0,-26.28083333,-52.29722222,Hidráulica
2092.0,-24.06388889,-48.72666667,Hidráulica
1190.0,-26.24801069,-51.28058158,Hidráulica
917.0,-27.21364684,-50.10889629,Hidráulica
940.0,-26.0346517,-51.18966673,Hidráulica
2394.0,-18.95018278,-49.38268361,Hidráulica
999.5,-26.34804515,-51.0578162,Hidráulica
4191.52,-25.16766944,-50.94234444,Hidráulica
323.0,-25.79727566,-52.50576781,Hidráulica
4873.6,-23.14942523,-47.79449893,Hidráulica
1450.0,-21.74449342,-47.41134942,Hidráulica
736.0,-24.81638889,-49.65583333,Hidráulica
999.0,-21.88810556,-48.14740833,Hidráulica
2120.0,-19.80120616,-42.30208571,Hidráulica
440.0,-19.86027778,-40.67888889,Hidráulica
1751.0,-12.4694296,-46.44417879,Hidráulica
1120.0,-29.28910861,-50.74051139,Hidráulica
640.0,-22.37776817,-48.17416667,Hidráulica
800.0,-23.99970261,-47.95710265,Hidráulica
3000.0,-23.55182125,-47.44179796,Hidráulica
1808.0,-21.92413136,-45.47101121,Hidráulica
2240.0,-23.5795601,-47.43835637,Hidráulica
3000.0,-12.35084935,-61.75987756,Hidráulica
3000.0,-24.02015107,-48.72156802,Hidráulica
1000.0,-16.62789332,-43.30854281,Hidráulica
1580.0,-27.77055556,-54.38911111,Hidráulica
664.0,-22.4141618,-55.43916226,Hidráulica
788.4,-24.00555556,-47.94111111,Hidráulica
588.0,-20.16688694,-44.80011222,Hidráulica
1188.0,-25.66277778,-51.96583333,Hidráulica
1776.0,-9.8416277,-48.29313045,Hidráulica
2700.0,-12.95666667,-60.12472222,Hidráulica
4770.0,-20.54805556,-44.54166667,Hidráulica
4230.0,-20.47666667,-43.44638889,Hidráulica
1612.5,-23.28118438,-47.24057554,Hidráulica
880.0,-27.47356683,-53.45746107,Hidráulica
4293.0,-21.88173889,-47.80202778,Hidráulica
1723.0,-24.16861111,-48.7125,Hidráulica
2500.0,-20.1125,-44.54777777,Hidráulica
800.0,-21.77498409,-46.61513004,Hidráulica
3804.42,-12.57412121,-61.49030303,Hidráulica
4550.4,-22.93388889,-46.89583333,Hidráulica
4320.0,-25.75759688,-52.08688956,Hidráulica
240.0,-19.62036994,-40.61631371,Hidráulica
600.0,-22.45128694,-55.50413934,Hidráulica
420.0,-26.16467913,-49.8903494,Hidráulica
768.0,-14.465,-59.49944444,Hidráulica
900.0,-8.26361111,-35.25972222,Hidráulica
3960.0,-24.03698847,-49.46292882,Hidráulica
70.0,-27.7249762,-53.7710263,Hidráulica
4320.0,-22.07416667,-48.06222222,Hidráulica
704.0,-18.52531057,-49.21532289,Hidráulica
600.0,-26.79977179,-51.00859779,Hidráulica
4000.0,-24.59722222,-49.135,Hidráulica
800.0,-22.51784506,-43.54059942,Hidráulica
660.0,-24.13366155,-48.96599811,Hidráulica
2880.0,-15.9801394,-55.03641691,Hidráulica
1500.0,-25.15190372,-49.41284586,Hidráulica
680.0,-7.21242031,-48.23588673,Hidráulica
280.0,-12.09722222,-46.485,Hidráulica
620.4,-20.6320341,-45.23709812,Hidráulica
1345.0,-27.13260579,-51.44435174,Hidráulica
144.0,-27.65986112,-52.14255556,Hidráulica
4505.0,-20.49416667,-43.45055556,Hidráulica
7.5,-13.09702454,-41.8507338,Hidráulica
2000.0,-9.3625,-54.90388889,Hidráulica
940.0,-20.1375,-43.88805556,Hidráulica
94.0,-27.72477023,-52.13363057,Hidráulica
424.0,-21.1418328,-42.60450598,Hidráulica
2000.0,-13.08408456,-60.62207399,Hidráulica
2920.0,-24.93055556,-51.42888889,Hidráulica
850.0,-20.11864685,-44.53143589,Hidráulica
2000.0,-24.20554142,-49.48562127,Hidráulica
528.0,-21.92773611,-44.79736389,Hidráulica
180.0,-21.9414517,-44.84557074,Hidráulica
428.0,-22.11082222,-44.84459444,Hidráulica
840.0,-22.37093989,-44.9044641,Hidráulica
800.0,-22.16586634,-44.117425,Hidráulica
680.0,-21.42190571,-46.9172288,Hidráulica
72.0,-15.14462574,-53.49314957,Hidráulica
112.0,-15.14388333,-53.4874,Hidráulica
85.0,-26.01765021,-51.17333914,Hidráulica
1650.0,-19.73987546,-44.89143305,Hidráulica
1000.0,-27.20901111,-50.54146389,Hidráulica
950.0,-13.12789578,-60.64111268,Hidráulica
776.0,-28.14207672,-55.06582011,Hidráulica
4500.0,-8.63107487,-35.19759182,Hidráulica
1480.0,-13.15166667,-60.65666667,Hidráulica
1200.0,-21.24277778,-43.8975,Hidráulica
400.0,-18.3785434,-54.82942405,Hidráulica
60.0,-11.45588062,-45.64242909,Hidráulica
1000.0,-23.32752983,-47.76887252,Hidráulica
1500.0,-28.41908876,-49.25265548,Hidráulica
24.0,-19.49833333,-47.72694445,Hidráulica
1000.0,-29.08937222,-51.30944444,Hidráulica
1200.0,-27.35319167,-52.76975556,Hidráulica
1000.0,-22.31470264,-46.19728121,Hidráulica
40.0,-24.99778675,-51.83485646,Hidráulica
80.0,-24.81775086,-51.43446819,Hidráulica
588.0,-22.69770715,-46.9112817,Hidráulica
160.0,-26.49744444,-51.27311667,Hidráulica
360.0,-22.63194792,-45.48780925,Hidráulica
960.0,-8.50910852,-35.59773042,Hidráulica
160.0,-19.52619459,-44.4504453,Hidráulica
3375.0,-19.60944283,-47.45652085,Hidráulica
500.0,-27.10305156,-51.23789999,Hidráulica
192.0,-22.055833,-48.088333,Hidráulica
1000.0,-20.99222222,-43.72527778,Hidráulica
520.0,-27.44004167,-53.2732,Hidráulica
200.0,-9.01271187,-36.05609002,Hidráulica
160.0,-8.97474129,-36.06102318,Hidráulica
1406.7,-8.99622969,-36.12434191,Hidráulica
3000.0,-20.27679722,-42.65151944,Hidráulica
1000.0,-27.4275,-53.54083333,Hidráulica
1616.0,-22.95380479,-48.73788247,Hidráulica
1380.0,-17.7851803,-47.53258478,Hidráulica
2540.0,-27.02181719,-50.1864044,Hidráulica
320.0,-25.35853585,-52.08120739,Hidráulica
120.0,-14.62861111,-55.79861111,Hidráulica
1000.0,-26.54530985,-50.75629547,Hidráulica
16.0,-17.90388889,-45.2525,Hidráulica
40.0,-12.04904647,-62.16995773,Hidráulica
700.0,-27.09777778,-50.1075,Hidráulica
801.0,-27.59805556,-53.38583333,Hidráulica
340.0,-13.6125,-54.54861111,Hidráulica
270.0,-27.56111111,-53.18666667,Hidráulica
144.0,-8.34763199,-35.34240078,Hidráulica
880.0,-8.35318596,-35.40271438,Hidráulica
120.0,-20.17822268,-42.4869495,Hidráulica
24.6,-14.06616956,-52.28454386,Hidráulica
606.4,-21.33254154,-47.29813237,Hidráulica
12.0,-21.77111111,-43.57138889,Hidráulica
966.0,-27.10714683,-51.25404117,Hidráulica
480.0,-26.34694445,-49.13027778,Hidráulica
951.0,-26.42821667,-51.54115,Hidráulica
953.1,-28.02309998,-54.8353661,Hidráulica
448.0,-8.74313627,-35.81168699,Hidráulica
155.0,-28.31733149,-49.21114101,Hidráulica
290.0,-28.31178521,-49.19921696,Hidráulica
4000.0,-24.57361627,-51.55725097,Hidráulica
28.0,-16.86277778,-45.01944444,Hidráulica
720.0,-13.53888889,-58.84833333,Hidráulica
4000.0,-26.769089,-52.225781,Hidráulica
4500.0,-15.99194444,-55.08722222,Hidráulica
2475.0,-25.70861111,-51.99805556,Hidráulica
3600.0,-25.64777778,-51.95361111,Hidráulica
945.0,-9.08527778,-35.57055556,Hidráulica
830.0,-27.96386111,-49.71369444,Hidráulica
128.0,-28.77527777,-51.51777778,Hidráulica
7.2,-17.40519444,-45.10988889,Hidráulica
7.2,-17.06465386,-45.14207052,Hidráulica
1000.0,-25.2279,-48.74926667,Hidráulica
540.0,-29.14111111,-51.09194444,Hidráulica
810.0,-29.1406508,-51.47692184,Hidráulica
360.0,-26.4775,-49.60388889,Hidráulica
1000.0,-14.86700723,-53.28450821,Hidráulica
612.0,-26.36402779,-52.14994445,Hidráulica
871.2,-26.91969059,-50.42886127,Hidráulica
780.0,-28.13,-51.62694444,Hidráulica
871.2,-26.93016405,-50.42303166,Hidráulica
49.8,-22.32548549,-42.74332978,Hidráulica
60.35,-21.26611111,-45.42638889,Hidráulica
494.0,-26.50247222,-52.34583333,Hidráulica
12.0,-19.78611111,-43.73111111,Hidráulica
420.0,-28.16083333,-51.50083333,Hidráulica
662.4,-20.26360803,-43.80042561,Hidráulica
1500.0,-19.1271307,-47.91859967,Hidráulica
680.0,-27.96131742,-53.97034264,Hidráulica
20.0,-15.96000979,-46.4819241,Hidráulica
10.25,-17.8345345,-45.32465102,Hidráulica
1200.0,-27.51333333,-53.43111111,Hidráulica
4000.0,-16.09086389,-55.07474444,Hidráulica
4500.0,-27.72972222,-54.40777778,Hidráulica
1500.3,-27.14039971,-50.54598975,Hidráulica
160.0,-27.10416667,-51.25,Hidráulica
360.0,-28.40200853,-49.15493757,Hidráulica
1000.0,-18.6812229,-52.5850432,Hidráulica
1600.0,-21.1857097,-42.09989709,Hidráulica
2500.0,0.0,0.0,Hidráulica
4100.0,-28.04138889,-49.12833333,Hidráulica
3500.0,-15.98222222,-55.37555556,Hidráulica
2000.0,-15.97805556,-55.35944444,Hidráulica
2000.0,-27.98284326,-49.10183035,Hidráulica
1800.0,-26.98857391,-52.45213793,Hidráulica
264.0,-17.27392222,-54.93303333,Hidráulica
220.0,-13.45916666,-58.99972222,Hidráulica
800.0,-17.28439167,-54.92371389,Hidráulica
1840.0,-12.82306396,-60.29284527,Hidráulica
1000.0,-27.42916667,-54.12055556,Hidráulica
440.3,-21.34803215,-46.83363592,Hidráulica
3200.0,-26.95223665,-52.45506609,Hidráulica
1000.0,-26.77111111,-52.17472222,Hidráulica
2000.0,-26.57111111,-52.42666667,Hidráulica
999.0,-20.14075994,-44.88091046,Hidráulica
256.0,-20.69972222,-42.66555556,Hidráulica
100.0,-10.48586111,-46.03958333,Hidráulica
972.0,-27.09944444,-50.11722222,Hidráulica
184.0,-18.35736722,-52.63922222,Hidráulica
300.0,-26.79573889,-52.33932222,Hidráulica
990.0,-18.48194444,-47.42722222,Hidráulica
840.0,-26.70683079,-51.60893163,Hidráulica
910.0,-20.27605811,-45.14919693,Hidráulica
96.0,-17.37433333,-54.70671667,Hidráulica
2000.0,-22.42499824,-48.02055979,Hidráulica
550.0,-22.08575833,-45.16913611,Hidráulica
810.0,-26.96583873,-52.45965516,Hidráulica
560.0,-19.89513056,-47.47518333,Hidráulica
412.8,-9.44083333,-35.73472222,Hidráulica
400.0,-27.09861111,-50.13,Hidráulica
1085.4,-27.09861111,-50.13,Hidráulica
112.0,-28.51081578,-52.00609144,Hidráulica
200.0,-28.59108294,-52.24231673,Hidráulica
520.0,-26.96025444,-51.15626301,Hidráulica
1250.0,-28.41750423,-49.26698213,Hidráulica
600.0,-28.06374722,-49.09112778,Hidráulica
312.08,-21.86562663,-46.36538868,Hidráulica
5000.0,-25.97388889,-52.15111111,Hidráulica
400.0,-24.95374833,-51.54835361,Hidráulica
910.0,-24.94583333,-51.51138889,Hidráulica
960.0,-28.09956483,-49.19884583,Hidráulica
925.0,-20.39991022,-54.44433525,Hidráulica
2230.0,-26.36694444,-52.00833333,Hidráulica
836.0,-26.41388889,-53.27916667,Hidráulica
563.76,-26.4425,-51.27861111,Hidráulica
850.0,-26.87273355,-52.03169925,Hidráulica
1000.0,-26.42841667,-51.29213889,Hidráulica
38.4,-26.34963333,-51.08128333,Hidráulica
180.0,-26.36110815,-51.06568711,Hidráulica
1000.0,-15.01775,-53.93922222,Hidráulica
1000.0,-12.66294444,-58.34052778,Hidráulica
439.9,-28.14537351,-54.22273823,Hidráulica
280.0,-27.88388889,-53.13527778,Hidráulica
1400.0,-26.44714263,-53.40711079,Hidráulica
2900.0,-27.13873363,-52.70115278,Hidráulica
883.0,-28.02590419,-48.9330961,Hidráulica
51.52,-28.37055556,-49.1725,Hidráulica
510.0,-26.46563167,-53.39911776,Hidráulica
153.6,-11.34413889,-56.32388889,Hidráulica
73.04,-22.79771667,-45.81409722,Hidráulica
688.0,-22.7012514,-55.05503569,Hidráulica
950.0,-27.12631686,-52.68460773,Hidráulica
50.0,-2.64987778,-55.72537222,Hidráulica
1000.0,-21.83452692,-46.09219184,Hidráulica
1840.0,-17.90888889,-51.89888889,Hidráulica
922.0,-21.38694444,-46.92861111,Hidráulica
500.0,-21.40008333,-46.92847222,Hidráulica
409.6,-21.81215726,-48.63715686,Hidráulica
340.0,-27.2710271,-51.54817317,Hidráulica
2500.0,-14.41777778,-59.52361111,Hidráulica
400.0,-13.83694444,-39.2775,Hidráulica
144.0,-13.83697419,-39.27756556,Hidráulica
300.0,-13.85106886,-39.28023253,Hidráulica
2581.2,-27.32333333,-49.02666667,Hidráulica
3900.6,-27.31636229,-49.08454709,Hidráulica
3700.8,-27.31888889,-49.04333333,Hidráulica
1500.0,-29.23695852,-51.15630091,Hidráulica
2340.0,-21.85123956,-43.89017665,Hidráulica
2400.0,-26.31708106,-49.32075542,Hidráulica
252.0,-8.72081049,-35.84082241,Hidráulica
990.0,-26.65472222,-49.88138889,Hidráulica
386.0,-22.71712663,-47.65275227,Hidráulica
1600.0,-27.52916667,-49.10305556,Hidráulica
3187.8,-27.52038274,-49.07954734,Hidráulica
2700.0,-27.3175,-51.47777778,Hidráulica
2283.0,-27.02416667,-50.18194444,Hidráulica
1000.0,-26.55305556,-52.32666667,Hidráulica
344.0,-26.81527778,-51.01194444,Hidráulica
1120.0,-11.92694444,-46.29722222,Hidráulica
828.0,-27.04924997,-51.23305368,Hidráulica
495.0,-27.06638889,-50.64666667,Hidráulica
360.0,-26.7525,-52.33472222,Hidráulica
300.0,-26.75138889,-52.275,Hidráulica
988.8,-21.55944444,-46.19055556,Hidráulica
950.0,-27.54888889,-49.45694444,Hidráulica
640.0,-26.58198611,-51.22363611,Hidráulica
1279.0,-26.24470556,-52.43803611,Hidráulica
970.0,-23.85527778,-51.37611111,Hidráulica
520.0,-14.41711083,-59.45443639,Hidráulica
1000.0,-26.54265202,-53.58064958,Hidráulica
1200.0,-26.79888889,-51.95027777,Hidráulica
999.0,-19.76648514,-42.10899077,Hidráulica
540.0,-20.17472222,-42.87916667,Hidráulica
288.0,-19.9143049,-47.49016692,Hidráulica
845.0,-27.2071125,-50.11543972,Hidráulica
172.0,-26.53861111,-52.47805556,Hidráulica
167.4,-11.87822222,-56.29666667,Hidráulica
230.0,-20.74416667,-48.4125,Hidráulica
55.0,-26.42193056,-53.58982778,Hidráulica
1320.0,-20.18734167,-43.8117525,Hidráulica
600.0,-20.42493722,-54.39409763,Hidráulica
720.0,-12.9075,-60.21111111,Hidráulica
1575.0,-20.53796291,-44.56481802,Hidráulica
700.0,-27.93494923,-52.87285165,Hidráulica
396.0,-25.74720833,-51.96241667,Hidráulica
1000.0,-22.29388889,-43.41805556,Hidráulica
58.0,-21.44104906,-54.52561762,Hidráulica
58.0,-21.19138889,-54.05305556,Hidráulica
900.0,-28.6541911,-51.46425851,Hidráulica
500.0,-22.23694444,-44.84361111,Hidráulica
900.0,-10.60112778,-46.21924722,Hidráulica
3600.0,-26.83719167,-53.66345,Hidráulica
3000.0,-26.7988353,-53.66826566,Hidráulica
3000.0,-26.7625,-53.66555556,Hidráulica
864.0,-9.49194444,-35.84888889,Hidráulica
220.0,-13.15004444,-59.75270278,Hidráulica
234.6,-17.79526123,-51.60560339,Hidráulica
1530.0,-26.45610298,-50.88351388,Hidráulica
1000.0,-27.13452359,-52.84598386,Hidráulica
2700.0,-26.44055556,-50.83472222,Hidráulica
50.0,-21.2342854,-56.59123795,Hidráulica
480.0,-13.53437765,-57.79829256,Hidráulica
2000.0,-27.33061103,-51.35692672,Hidráulica
493.0,-21.31583333,-47.19916667,Hidráulica
650.0,-20.32978119,-47.15753796,Hidráulica
705.75,-29.47138889,-51.86805556,Hidráulica
1940.0,-13.49476388,-60.1225968,Hidráulica
627.0,-25.34895933,-51.41945814,Hidráulica
1250.0,-22.570464,-46.40994052,Hidráulica
1000.0,-22.60833333,-46.44166667,Hidráulica
990.0,-27.48156668,-49.87561708,Hidráulica
600.0,-19.91611111,-47.49833333,Hidráulica
2430.0,-28.40743889,-49.91292778,Hidráulica
360.0,-28.55833333,-49.12361111,Hidráulica
32.0,-20.36555556,-41.12555556,Hidráulica
616.5,-20.70706915,-42.67083528,Hidráulica
1000.0,-28.00432739,-48.87854763,Hidráulica
996.0,-14.85817662,-53.29201441,Hidráulica
2050.0,-26.99777778,-49.67472222,Hidráulica
100.0,-3.271,-54.898501,Hidráulica
2016.0,-26.98761069,-49.68182029,Hidráulica
4860.0,-30.7879855,-52.62977881,Hidráulica
2250.0,-30.31769167,-51.86760611,Hidráulica
412.5,-26.72117221,-48.90002949,Hidráulica
990.0,-27.44,-50.47722222,Hidráulica
1000.0,-13.99694444,-45.4025,Hidráulica
225.0,-19.40244444,-54.53963889,Hidráulica
3130.0,-28.09045149,-48.943755,Hidráulica
797.64,-8.50833333,-37.70555556,Hidráulica
3400.0,-20.36395611,-44.19572778,Hidráulica
4000.0,-20.38868611,-44.18758972,Hidráulica
1000.0,-25.28111111,-51.87722222,Hidráulica
980.0,-13.99721667,-45.40260556,Hidráulica
1760.0,-13.99724167,-45.40265,Hidráulica
1000.0,-24.47444444,-51.79222222,Hidráulica
533.6,-13.98493665,-39.47706696,Hidráulica
1299.99,-28.23777778,-49.16361111,Hidráulica
720.0,-27.15222222,-52.77611111,Hidráulica
630.0,-26.51822556,-51.58866639,Hidráulica
1000.0,-24.5125,-51.77388889,Hidráulica
105.62,-24.0138744,-52.34056853,Hidráulica
80.0,-14.92250641,-52.7416144,Hidráulica
796.0,-22.22660357,-43.01351939,Hidráulica
500.0,-19.85615556,-44.40329444,Hidráulica
257.6,-26.61041111,-52.33010833,Hidráulica
191.2,-27.05429415,-49.97409271,Hidráulica
2836.0,-27.09258739,-50.72278567,Hidráulica
160.0,-12.26092493,-57.99501877,Hidráulica
504.0,-18.78444444,-53.04583333,Hidráulica
864.0,-28.94472222,-52.50333333,Hidráulica
4400.0,-27.58281295,-51.35575953,Hidráulica
1000.0,-28.86694444,-50.93916667,Hidráulica
3499.2,-15.96972222,-55.08833333,Hidráulica
4500.0,-15.9765891,-55.08165928,Hidráulica
1000.0,-27.79035833,-51.001,Hidráulica
1260.0,-20.86527778,-42.355,Hidráulica
355.2,-26.39726099,-53.2737495,Hidráulica
288.0,-22.7032375,-44.46364972,Hidráulica
1260.0,-21.0139851,-42.46070949,Hidráulica
720.0,-26.580625,-52.49616667,Hidráulica
2250.0,-27.78138889,-54.37361111,Hidráulica
1765.0,-27.64974167,-51.19600278,Hidráulica
0.99,-27.40194469,-49.6080561,Hidráulica
121.5,-13.45540291,-54.20047573,Hidráulica
720.0,-21.95018547,-44.51064683,Hidráulica
175.5,-28.13885818,-54.54640396,Hidráulica
1600.0,-26.46638889,-49.59638889,Hidráulica
990.0,-21.79027778,-42.5025,Hidráulica
80.0,-26.67741389,-52.00896944,Hidráulica
825.0,-26.95942065,-50.17443845,Hidráulica
300.0,-18.86972222,-46.85166667,Hidráulica
1250.0,-22.57366141,-46.41181824,Hidráulica
140.25,-22.1583024,-42.41750228,Hidráulica
1440.0,-27.1625,-52.77138889,Hidráulica
660.0,-14.61212733,-53.9953168,Hidráulica
1980.0,-26.5855325,-52.18432541,Hidráulica
460.0,-20.27583333,-43.81046813,Hidráulica
3899.6,-27.52500429,-51.50767898,Hidráulica
2200.0,-26.95694444,-50.48944444,Hidráulica
1260.0,-21.01722222,-42.44083333,Hidráulica
1000.0,-7.96676906,-35.742113,Hidráulica
958.74,-16.52196667,-48.63415833,Hidráulica
1012.0,-22.66444444,-45.30916667,Hidráulica
1.03,-17.83305556,-45.22333333,Hidráulica
850.0,-28.56694444,-49.1225,Hidráulica
831.0,-20.55923611,-43.02058333,Hidráulica
1000.0,-16.03245824,-55.36253671,Hidráulica
459.0,-24.91664883,-53.81665186,Hidráulica
1000.0,-26.87793611,-51.28107778,Hidráulica
684.0,-21.80376896,-48.21949629,Hidráulica
1000.0,-21.60610026,-45.42660147,Hidráulica
800.0,-21.73,-46.20861111,Hidráulica
450.0,-22.81183955,-44.45159368,Hidráulica
107.95,-22.19860401,-42.38462112,Hidráulica
1000.0,-20.80611111,-42.36361111,Hidráulica
950.0,-21.9625,-44.52166667,Hidráulica
1260.0,-20.09777778,-41.75805556,Hidráulica
2000.0,-28.60714114,-51.21940149,Hidráulica
3000.0,-19.99861111,-41.99805556,Hidráulica
440.0,-26.307575,-49.31954167,Hidráulica
1000.0,-27.10728907,-51.20111771,Hidráulica
174.8,-26.07508056,-52.82860556,Hidráulica
700.0,-27.08527778,-51.81833333,Hidráulica
2500.0,-19.99583333,-42.38,Hidráulica
249.6,-12.58807778,-55.87515556,Hidráulica
1000.0,-21.02860013,-42.19971953,Hidráulica
435.15,-26.79263465,-51.20923782,Hidráulica
1000.0,-26.9530482,-50.14302364,Hidráulica
1000.0,-16.98583333,-53.29166667,Hidráulica
950.0,-21.98666667,-44.40833333,Hidráulica
320.0,-21.546175,-46.03208889,Hidráulica
1000.0,-20.1144444,-41.7855556,Hidráulica
72.0,-4.59527778,-47.75388889,Hidráulica
1280.0,-28.84009551,-52.70141829,Hidráulica
2700.0,-24.77423444,-53.72648056,Hidráulica
56.0,-27.11372934,-51.18338429,Hidráulica
136.0,-27.02905053,-50.1724872,Hidráulica
1300.0,-11.92665833,-46.26900278,Hidráulica
680.0,-14.50158478,-59.42372729,Hidráulica
115.0,-20.785,-47.53305556,Hidráulica
920.0,-22.5625,-46.08833333,Hidráulica
1000.0,-21.94777778,-42.34972222,Hidráulica
736.0,-24.41847675,-53.49560953,Hidráulica
835.0,-26.91333333,-50.73916667,Hidráulica
999.9,-27.00805556,-51.08055556,Hidráulica
1000.0,-27.06472441,-49.98780354,Hidráulica
3520.8,-14.95027778,-58.05805,Hidráulica
264.0,-26.40338611,-53.26705,Hidráulica
1000.0,-16.98527777,-53.28861112,Hidráulica
3500.0,-12.83777778,-60.57805556,Hidráulica
1000.0,-16.98,-53.28222222,Hidráulica
460.0,-27.13297438,-51.44461,Hidráulica
1000.0,-19.8561411,-42.33183825,Hidráulica
17.64,-21.97603611,-42.70266667,Hidráulica
4500.0,-25.48459339,-52.27311822,Hidráulica
846.4,-26.42270582,-51.78403271,Hidráulica
1000.01,-24.25514796,-49.70305102,Hidráulica
4950.0,-27.14714395,-52.05122498,Hidráulica
528.0,-27.07440556,-51.77923611,Hidráulica
999.0,-27.14019095,-50.46996434,Hidráulica
4000.0,-23.99530501,-52.23238902,Hidráulica
1800.0,-27.19138889,-52.755,Hidráulica
736.0,-21.21191111,-44.31532222,Hidráulica
800.0,-11.41967776,-55.86974441,Hidráulica
4850.0,-28.79583333,-53.97159722,Hidráulica
2160.0,-26.97740896,-51.17709055,Hidráulica
1000.0,-24.16525556,-49.89178889,Hidráulica
1650.0,-26.34694445,-49.13027778,Hidráulica
320.0,-26.90607487,-51.08315727,Hidráulica
909.0,-26.73944161,-52.97861793,Hidráulica
1800.0,-11.92676684,-46.27644277,Hidráulica
7.5,-20.02194444,-40.37861111,Hidráulica
750.0,-27.4763881,-52.80109855,Hidráulica
1800.0,-11.92472222,-46.27722222,Hidráulica
1440.0,-12.30583333,-45.43666667,Hidráulica
360.0,-8.7467375,-35.84368417,Hidráulica
1600.0,-24.82287111,-51.4472992,Hidráulica
990.0,-27.24694444,-50.41472222,Hidráulica
948.0,-27.5440274,-51.17491881,Hidráulica
1225.0,-22.75361111,-45.44722222,Hidráulica
280.5,-11.02200238,-55.27267684,Hidráulica
400.0,-27.54785274,-51.19669239,Hidráulica
400.0,-27.17916667,-50.72888889,Hidráulica
3006.0,-27.471195,-48.83606167,Hidráulica
1000.0,-25.38675278,-51.38760556,Hidráulica
2750.0,-11.92795478,-46.31290741,Hidráulica
3060.0,-26.70673291,-52.88850631,Hidráulica
2800.0,-27.25972222,-52.35194444,Hidráulica
1000.0,-27.59249389,-48.70787833,Hidráulica
1000.0,-27.51138473,-49.0000147,Hidráulica
1000.0,-26.72888727,-53.65257064,Hidráulica
1600.0,-21.96380372,-43.1550628,Hidráulica
2750.0,-11.93096813,-46.32915775,Hidráulica
846.4,-23.77834074,-50.04221879,Hidráulica
927.0,-25.32392557,-51.50818075,Hidráulica
1400.0,-20.24805556,-42.09944444,Hidráulica
1616.0,-21.13578333,-43.95531389,Hidráulica
1000.0,-28.21388889,-53.62888889,Hidráulica
450.0,-26.09117966,-53.12101395,Hidráulica
1000.0,-26.58055556,-52.49611111,Hidráulica
240.0,-26.14729671,-53.01537609,Hidráulica
300.0,-14.58634328,-58.02132652,Hidráulica
1500.0,-27.20083333,-52.73361111,Hidráulica
280.0,-28.46138889,-52.69916667,Hidráulica
400.0,-26.1332598,-53.02528056,Hidráulica
5000.0,-13.70306944,-56.78591111,Hidráulica
1000.0,-18.78982252,-42.82264653,Hidráulica
1000.0,-27.28194444,-49.37555556,Hidráulica
2000.0,-27.50611527,-48.99692367,Hidráulica
702.0,-27.27326111,-51.93240556,Hidráulica
1600.0,-27.76025656,-50.63491353,Hidráulica
980.0,-27.09720024,-50.12419227,Hidráulica
960.0,-17.87147778,-50.71640556,Hidráulica
990.0,-27.02722005,-50.18870705,Hidráulica
2500.0,-27.46777778,-49.87722222,Hidráulica
450.0,-22.34916667,-45.37722222,Hidráulica
2100.0,-19.97915376,-41.71456429,Hidráulica
3000.0,-17.34935732,-52.8122882,Hidráulica
3498.0,-27.19581111,-50.63283056,Hidráulica
1933.0,-27.20444444,-50.63444444,Hidráulica
3000.0,-21.86363333,-42.43552222,Hidráulica
3696.0,-28.28299238,-50.20296398,Hidráulica
1512.0,-20.77358998,-40.98751668,Hidráulica
500.0,-20.04698145,-45.20264177,Hidráulica
1000.0,-24.91611111,-51.51805556,Hidráulica
1041.3,-26.78593942,-49.42710963,Hidráulica
600.0,-11.42079426,-55.87069793,Hidráulica
990.0,-28.52031022,-51.90856934,Hidráulica
1000.0,-28.6475,-51.35444444,Hidráulica
100.0,-28.43704381,-49.18537383,Hidráulica
4720.0,-25.44277778,-51.45777778,Hidráulica
2975.0,-26.55806995,-50.60094177,Hidráulica
469.6,-26.29254265,-52.44874071,Hidráulica
20.0,-21.56640411,-52.78415145,Hidráulica
900.0,-3.39145747,-48.53974178,Hidráulica
67.3,-29.27444444,-50.73611111,Hidráulica
630.0,-21.34578813,-46.59176869,Hidráulica
800.0,-21.3330734,-47.29832738,Hidráulica
3000.0,-22.02851389,-43.748105,Hidráulica
224.0,-13.630925,-56.49371389,Hidráulica
1008.0,-26.4197083,-49.33509225,Hidráulica
3000.0,-27.17890079,-52.74970438,Hidráulica
800.0,-12.2087461,-45.47419085,Hidráulica
900.0,-18.48429568,-53.29090766,Hidráulica
2160.0,-24.85343333,-53.18644167,Hidráulica
1350.0,-13.43485128,-54.28451876,Hidráulica
3000.0,-27.12111111,-51.99138889,Hidráulica
3300.0,-27.37195556,-49.24188611,Hidráulica
796.0,-19.21333333,-46.10916667,Hidráulica
670.0,-28.04659167,-48.95191667,Hidráulica
1600.0,-22.23133889,-44.66744167,Hidráulica
16.0,-19.36954167,-44.216175,Hidráulica
40.48,-28.55722222,-49.16166667,Hidráulica
4950.0,-27.50068056,-49.06051111,Hidráulica
1010.5,-27.30361111,-51.90361111,Hidráulica
4176.0,-18.97928333,-52.60516111,Hidráulica
1000.0,-21.56006667,-53.14987222,Hidráulica
1200.0,-27.10572778,-52.17166111,Hidráulica
2205.0,-28.81305556,-51.73777778,Hidráulica
1369.8,-25.64027778,-51.86138889,Hidráulica
3000.0,-20.84513333,-42.32638056,Hidráulica
2400.0,-27.58166667,-48.73166667,Hidráulica
225.0,-25.30022861,-51.39734306,Hidráulica
2200.0,-27.35718333,-49.21953056,Hidráulica
486.0,-26.99333333,-52.45222222,Hidráulica
1000.0,-26.65222222,-52.6125,Hidráulica
1764.0,-22.21694444,-42.50055556,Hidráulica
1750.0,-28.53694444,-53.86138889,Hidráulica
4400.0,-11.39980278,-46.88812778,Hidráulica
1620.0,-26.76527778,-49.40027778,Hidráulica
56.25,-12.798,-52.62991667,Hidráulica
55.2,-22.00143611,-44.34339444,Hidráulica
34.3,-22.14871111,-42.62588333,Hidráulica
19.6,-22.11775,-42.62905555,Hidráulica
150.0,-27.31027778,-49.79916667,Hidráulica
500.0,-28.70444444,-51.84472222,Hidráulica
1566.0,-22.76292436,-46.15096801,Hidráulica
1674.0,-20.80861219,-42.32638763,Hidráulica
2999.98,-27.16560278,-52.77615278,Hidráulica
129.6,-26.82055437,-49.16139188,Hidráulica
1215.0,-27.1475,-50.60944439,Hidráulica
2020.2,-15.92916669,-55.41583331,Hidráulica
1210.0,-27.17043611,-52.16205278,Hidráulica
522.0,-28.24518889,-53.41477222,Hidráulica
4700.0,0.0,0.0,Hidráulica
1100.0,0.0,0.0,Hidráulica
1000.0,0.0,0.0,Hidráulica
1000.0,0.0,0.0,Hidráulica
1260.0,0.0,0.0,Hidráulica
1600.0,0.0,0.0,Hidráulica
1800.0,0.0,0.0,Hidráulica
2000.0,0.0,0.0,Hidráulica
2500.0,0.0,0.0,Hidráulica
2500.0,0.0,0.0,Hidráulica
3000.0,0.0,0.0,Hidráulica
5000.0,0.0,0.0,Hidráulica
1000.0,0.0,0.0,Hidráulica
2000.0,0.0,0.0,Hidráulica
4500.0,-26.62721667,-49.87986111,Hidráulica
1000.0,0.0,0.0,Hidráulica
2000.0,0.0,0.0,Hidráulica
1500.0,0.0,0.0,Hidráulica
710.0,0.0,0.0,Hidráulica
297.5,0.0,0.0,Hidráulica
1400.0,0.0,0.0,Hidráulica
